시간,발전량
2025-01-01 00:00,2.996578954423954
2025-01-01 01:00,2.9101269941752026
2025-01-01 02:00,3.675048332504439
2025-01-01 03:00,4.041649705406993
2025-01-01 04:00,1.2832133594911777
2025-01-01 05:00,1.2298156388064734
2025-01-01 06:00,3.6815279663508593
2025-01-01 07:00,6.205972455516493
2025-01-01 08:00,8.78150221864948
2025-01-01 09:00,9.845576059834508
2025-01-01 10:00,4.479901947936211
2025-01-01 11:00,2.729647372176964
2025-01-01 12:00,4.039575299490343
2025-01-01 13:00,4.531643813934911
2025-01-01 14:00,4.024908957459287
2025-01-01 15:00,3.6152202178606427
2025-01-01 16:00,1.4239404147185843
2025-01-01 17:00,1.5087043743718922
2025-01-01 18:00,2.2627550607299827
2025-01-01 19:00,5.834125166584242
2025-01-01 20:00,7.960730315531439
2025-01-01 21:00,7.603940069251294
2025-01-01 22:00,6.846278692124558
2025-01-01 23:00,5.118518069553401
2025-01-02 00:00,2.8652864545646626
2025-01-02 01:00,2.564161568536726
2025-01-02 02:00,2.9906781996814957
2025-01-02 03:00,4.74046558577173
2025-01-02 04:00,5.245317658518003
2025-01-02 05:00,7.9517344102719605
2025-01-02 06:00,12.835605753677592
2025-01-02 07:00,8.213416174556857
2025-01-02 08:00,5.9660543757939735
2025-01-02 09:00,1.8342502343700207
2025-01-02 10:00,1.2550859063138988
2025-01-02 11:00,1.7524853207453028
2025-01-02 12:00,2.3197155544929187
2025-01-02 13:00,3.862351391565434
2025-01-02 14:00,5.488471109775158
2025-01-02 15:00,10.21516497243229
2025-01-02 16:00,11.92133510878719
2025-01-02 17:00,11.099357055498569
2025-01-02 18:00,16.18254166883092
2025-01-02 19:00,26.018564011517164
2025-01-02 20:00,22.090894392995168
2025-01-02 21:00,22.428664032235282
2025-01-02 22:00,12.720485430183434
2025-01-02 23:00,10.911840814078413
2025-01-03 00:00,19.442318743654514
2025-01-03 01:00,22.24274175734351
2025-01-03 02:00,31.49329840030226
2025-01-03 03:00,24.734412737972033
2025-01-03 04:00,35.28482985135556
2025-01-03 05:00,35.9889386717362
2025-01-03 06:00,29.08200488554895
2025-01-03 07:00,23.04271934181313
2025-01-03 08:00,20.89673793449206
2025-01-03 09:00,19.61092297668612
2025-01-03 10:00,13.694880177029018
2025-01-03 11:00,13.211199457402628
2025-01-03 12:00,8.109615917672262
2025-01-03 13:00,6.359780444014
2025-01-03 14:00,0.1373478819808247
2025-01-03 15:00,0.0
2025-01-03 16:00,0.11901736336657642
2025-01-03 17:00,1.3640962563325163
2025-01-03 18:00,6.8492028659174835
2025-01-03 19:00,4.293641429398429
2025-01-03 20:00,29.020544543568477
2025-01-03 21:00,20.855223152384355
2025-01-03 22:00,22.464296760228436
2025-01-03 23:00,27.478697477927785
2025-01-04 00:00,10.619097058009071
2025-01-04 01:00,13.040635436153337
2025-01-04 02:00,17.005309943052367
2025-01-04 03:00,9.678350201110023
2025-01-04 04:00,8.013649919850717
2025-01-04 05:00,0.8568727697484655
2025-01-04 06:00,0.18361266919590924
2025-01-04 07:00,0.38197210679401117
2025-01-04 08:00,0.08328031097712041
2025-01-04 09:00,0.21947015508491208
2025-01-04 10:00,0.0
2025-01-04 11:00,0.0
2025-01-04 12:00,0.0
2025-01-04 13:00,0.0
2025-01-04 14:00,0.9139985729385531
2025-01-04 15:00,0.32522205692225936
2025-01-04 16:00,0.0
2025-01-04 17:00,0.19979262307038193
2025-01-04 18:00,0.0
2025-01-04 19:00,0.0
2025-01-04 20:00,0.0
2025-01-04 21:00,4.469944466266817
2025-01-04 22:00,3.7328315521984456
2025-01-04 23:00,7.840091027593278
2025-01-05 00:00,3.628763826327435
2025-01-05 01:00,2.53602745451791
2025-01-05 02:00,9.510035758321337
2025-01-05 03:00,19.257123435512053
2025-01-05 04:00,15.332577337502599
2025-01-05 05:00,18.63360743816695
2025-01-05 06:00,19.25162544613969
2025-01-05 07:00,28.153425849675948
2025-01-05 08:00,32.76283687355308
2025-01-05 09:00,21.201028898050957
2025-01-05 10:00,23.981895155793566
2025-01-05 11:00,35.67293233644284
2025-01-05 12:00,42.76901897322275
2025-01-05 13:00,43.156608316215944
2025-01-05 14:00,45.44361020704989
2025-01-05 15:00,41.52660629799393
2025-01-05 16:00,19.041288821451307
2025-01-05 17:00,30.612285394473055
2025-01-05 18:00,22.28308116329481
2025-01-05 19:00,13.934303423621097
2025-01-05 20:00,13.896484809648337
2025-01-05 21:00,10.97543755343234
2025-01-05 22:00,11.418267032966828
2025-01-05 23:00,12.452279696374921
2025-01-06 00:00,36.81695497459167
2025-01-06 01:00,40.63912436412973
2025-01-06 02:00,40.85995406214225
2025-01-06 03:00,32.425700691943874
2025-01-06 04:00,23.511954301228307
2025-01-06 05:00,28.168894756477297
2025-01-06 06:00,26.542037929765208
2025-01-06 07:00,20.779645532715527
2025-01-06 08:00,15.664564734937365
2025-01-06 09:00,10.452284635348216
2025-01-06 10:00,13.053885829635188
2025-01-06 11:00,36.37733657817381
2025-01-06 12:00,43.33455226489479
2025-01-06 13:00,30.70428206967845
2025-01-06 14:00,38.94058534291404
2025-01-06 15:00,52.43096278075132
2025-01-06 16:00,51.1295929417928
2025-01-06 17:00,45.47043909920145
2025-01-06 18:00,47.62658518625085
2025-01-06 19:00,53.60182568529395
2025-01-06 20:00,54.75475292616407
2025-01-06 21:00,53.560269445904176
2025-01-06 22:00,52.56046946221989
2025-01-06 23:00,55.425005460224234
2025-01-07 00:00,52.25750747199713
2025-01-07 01:00,53.35428161485694
2025-01-07 02:00,52.02953992353871
2025-01-07 03:00,51.78934658925494
2025-01-07 04:00,46.11899975387521
2025-01-07 05:00,43.03022786152582
2025-01-07 06:00,26.22364169719048
2025-01-07 07:00,17.120902536499763
2025-01-07 08:00,7.881200920959502
2025-01-07 09:00,5.294539781323392
2025-01-07 10:00,4.045006802230091
2025-01-07 11:00,9.293647916224646
2025-01-07 12:00,38.15382563764202
2025-01-07 13:00,40.38038773664845
2025-01-07 14:00,43.49223429750343
2025-01-07 15:00,48.816669271302125
2025-01-07 16:00,39.348290626130414
2025-01-07 17:00,46.17713687192357
2025-01-07 18:00,40.65003464432866
2025-01-07 19:00,49.41337408346457
2025-01-07 20:00,43.6435930525617
2025-01-07 21:00,35.822331972266404
2025-01-07 22:00,48.539410880412525
2025-01-07 23:00,40.49613645091206
2025-01-08 00:00,47.118505776650615
2025-01-08 01:00,47.40306024138081
2025-01-08 02:00,38.7165940803393
2025-01-08 03:00,21.028281470951953
2025-01-08 04:00,40.69204396423743
2025-01-08 05:00,16.423922152434187
2025-01-08 06:00,3.2163972815696416
2025-01-08 07:00,10.623572901147702
2025-01-08 08:00,14.139659660218602
2025-01-08 09:00,9.666830805286212
2025-01-08 10:00,15.261496111175914
2025-01-08 11:00,30.136264964689808
2025-01-08 12:00,20.642808623256037
2025-01-08 13:00,20.051426766130838
2025-01-08 14:00,27.154804548486347
2025-01-08 15:00,24.51072060288889
2025-01-08 16:00,44.976269017261544
2025-01-08 17:00,44.50111139857519
2025-01-08 18:00,43.81140946090732
2025-01-08 19:00,50.95673236692992
2025-01-08 20:00,51.89907558591781
2025-01-08 21:00,52.34206515657641
2025-01-08 22:00,53.19936694527268
2025-01-08 23:00,54.28666468169332
2025-01-09 00:00,54.61526065796174
2025-01-09 01:00,54.43807847330569
2025-01-09 02:00,54.05611676429005
2025-01-09 03:00,53.517168821333776
2025-01-09 04:00,53.36022710119614
2025-01-09 05:00,54.21064188190482
2025-01-09 06:00,50.87827959431039
2025-01-09 07:00,53.35191571507386
2025-01-09 08:00,49.53985924232031
2025-01-09 09:00,51.53805344482905
2025-01-09 10:00,52.816243058164424
2025-01-09 11:00,53.12086464009126
2025-01-09 12:00,52.19971754550625
2025-01-09 13:00,51.28788449565375
2025-01-09 14:00,50.390083179331775
2025-01-09 15:00,51.64267375037832
2025-01-09 16:00,50.4439433291438
2025-01-09 17:00,51.40658919372858
2025-01-09 18:00,51.111254593000304
2025-01-09 19:00,51.20647406284122
2025-01-09 20:00,48.80500534459702
2025-01-09 21:00,48.782001726813924
2025-01-09 22:00,48.19900454686817
2025-01-09 23:00,38.77268578739179
2025-01-10 00:00,32.77774977406241
2025-01-10 01:00,21.317820203454886
2025-01-10 02:00,13.863052428860422
2025-01-10 03:00,10.14616081328857
2025-01-10 04:00,5.913787845073228
2025-01-10 05:00,8.70697488637
2025-01-10 06:00,7.767101281702184
2025-01-10 07:00,8.922366332879367
2025-01-10 08:00,9.044079425158609
2025-01-10 09:00,8.652306719647102
2025-01-10 10:00,6.467556350220066
2025-01-10 11:00,4.981522245658075
2025-01-10 12:00,4.007152687532066
2025-01-10 13:00,5.286107671582538
2025-01-10 14:00,4.920418250862365
2025-01-10 15:00,7.088116521481769
2025-01-10 16:00,10.026042082441693
2025-01-10 17:00,12.9350571655383
2025-01-10 18:00,4.871205324491893
2025-01-10 19:00,9.32471191269178
2025-01-10 20:00,5.882766643530067
2025-01-10 21:00,6.732540844613858
2025-01-10 22:00,5.748980912340338
2025-01-10 23:00,4.2400531128696155
2025-01-11 00:00,1.3579798590810666
2025-01-11 01:00,1.1368057611471485
2025-01-11 02:00,1.2355358277052666
2025-01-11 03:00,1.311171023551574
2025-01-11 04:00,1.9913317319284816
2025-01-11 05:00,3.4147854753218114
2025-01-11 06:00,2.1187039016949365
2025-01-11 07:00,2.444943336215513
2025-01-11 08:00,2.269872808201806
2025-01-11 09:00,1.428437250770879
2025-01-11 10:00,1.1158108376287572
2025-01-11 11:00,0.35181198712280604
2025-01-11 12:00,0.0
2025-01-11 13:00,0.7045701724534608
2025-01-11 14:00,0.0
2025-01-11 15:00,0.0
2025-01-11 16:00,0.0
2025-01-11 17:00,0.0
2025-01-11 18:00,1.6985527862898206
2025-01-11 19:00,0.7303579265716578
2025-01-11 20:00,0.707805733021178
2025-01-11 21:00,1.0897775877855265
2025-01-11 22:00,0.7342393044552276
2025-01-11 23:00,1.1255058651066459
2025-01-12 00:00,2.742682489883596
2025-01-12 01:00,2.841783729532288
2025-01-12 02:00,4.000661967508101
2025-01-12 03:00,3.2851406411521205
2025-01-12 04:00,3.767169974033172
2025-01-12 05:00,4.51956145773876
2025-01-12 06:00,3.408435764744341
2025-01-12 07:00,3.374207581447164
2025-01-12 08:00,2.6973312629787727
2025-01-12 09:00,0.9315075239632558
2025-01-12 10:00,0.7351761974397084
2025-01-12 11:00,0.2875451608643296
2025-01-12 12:00,1.7087273618052703
2025-01-12 13:00,1.7426442906083444
2025-01-12 14:00,3.0668283591884635
2025-01-12 15:00,2.689747774867835
2025-01-12 16:00,4.6212677702795535
2025-01-12 17:00,4.461328465485336
2025-01-12 18:00,6.017623314875323
2025-01-12 19:00,5.192439981186848
2025-01-12 20:00,5.050712663552867
2025-01-12 21:00,5.798601479871923
2025-01-12 22:00,6.600265178246266
2025-01-12 23:00,10.972277293560776
2025-01-13 00:00,4.727618440832476
2025-01-13 01:00,1.5467549389252166
2025-01-13 02:00,2.94647471063766
2025-01-13 03:00,4.280629563030788
2025-01-13 04:00,4.827669737685197
2025-01-13 05:00,5.462508995056977
2025-01-13 06:00,1.2302204720401637
2025-01-13 07:00,3.589551946440733
2025-01-13 08:00,1.3178188734946175
2025-01-13 09:00,0.43570699376294264
2025-01-13 10:00,0.1251689246094469
2025-01-13 11:00,0.45080994588608336
2025-01-13 12:00,4.12441537223293
2025-01-13 13:00,2.928570383747154
2025-01-13 14:00,2.8301244141589974
2025-01-13 15:00,4.495698989201626
2025-01-13 16:00,6.892431201476779
2025-01-13 17:00,13.983386162658864
2025-01-13 18:00,21.072376751790408
2025-01-13 19:00,25.445471759499597
2025-01-13 20:00,29.650315094428592
2025-01-13 21:00,35.90133790286033
2025-01-13 22:00,38.47145882725115
2025-01-13 23:00,41.193181821594415
2025-01-14 00:00,26.02415549558135
2025-01-14 01:00,25.552954765014942
2025-01-14 02:00,30.574063642924962
2025-01-14 03:00,41.925953652293664
2025-01-14 04:00,41.22630075801052
2025-01-14 05:00,39.85785997733877
2025-01-14 06:00,39.21720249075033
2025-01-14 07:00,36.54633533039695
2025-01-14 08:00,34.18504912980217
2025-01-14 09:00,21.24577536605225
2025-01-14 10:00,19.396241141661836
2025-01-14 11:00,16.341262717426567
2025-01-14 12:00,9.62699934095973
2025-01-14 13:00,12.280556035255152
2025-01-14 14:00,16.800688621980953
2025-01-14 15:00,20.410051518720962
2025-01-14 16:00,24.911342821233582
2025-01-14 17:00,25.49576416452158
2025-01-14 18:00,14.037048299692636
2025-01-14 19:00,14.709474323718139
2025-01-14 20:00,21.280903594875618
2025-01-14 21:00,42.27920140506072
2025-01-14 22:00,49.088053510265034
2025-01-14 23:00,49.99995966292821
2025-01-15 00:00,45.2919465902521
2025-01-15 01:00,47.759042944641976
2025-01-15 02:00,47.86224105190511
2025-01-15 03:00,41.681769592695865
2025-01-15 04:00,50.60870082361465
2025-01-15 05:00,53.101785967772706
2025-01-15 06:00,48.830525667103174
2025-01-15 07:00,39.122827391478246
2025-01-15 08:00,40.482628570875285
2025-01-15 09:00,49.328841142752275
2025-01-15 10:00,50.22181098238409
2025-01-15 11:00,44.27359993214523
2025-01-15 12:00,45.02943871021002
2025-01-15 13:00,40.57292723082585
2025-01-15 14:00,40.00658467989428
2025-01-15 15:00,40.57831111765063
2025-01-15 16:00,38.04353535369001
2025-01-15 17:00,35.50166004030316
2025-01-15 18:00,34.39179254546827
2025-01-15 19:00,43.29213052495987
2025-01-15 20:00,45.31225405533689
2025-01-15 21:00,38.73052836320138
2025-01-15 22:00,18.773307506832367
2025-01-15 23:00,11.01228852513969
2025-01-16 00:00,6.735450664966512
2025-01-16 01:00,10.02046154270817
2025-01-16 02:00,5.483431538674585
2025-01-16 03:00,4.090080008475436
2025-01-16 04:00,6.257800842439174
2025-01-16 05:00,11.701702833984008
2025-01-16 06:00,10.137945144342233
2025-01-16 07:00,8.11784846184246
2025-01-16 08:00,10.253793942346675
2025-01-16 09:00,8.092777559669438
2025-01-16 10:00,4.289997638832213
2025-01-16 11:00,12.168308748477969
2025-01-16 12:00,13.040208380589576
2025-01-16 13:00,11.931724028396912
2025-01-16 14:00,11.454147126332623
2025-01-16 15:00,16.810468659089878
2025-01-16 16:00,12.316669464400494
2025-01-16 17:00,11.937460869726344
2025-01-16 18:00,7.721678878260349
2025-01-16 19:00,10.333523584290699
2025-01-16 20:00,13.969938573621423
2025-01-16 21:00,19.706165362196487
2025-01-16 22:00,14.646283347267428
2025-01-16 23:00,14.10550296849057
2025-01-17 00:00,5.511471116188401
2025-01-17 01:00,10.640636597499963
2025-01-17 02:00,17.991631514774944
2025-01-17 03:00,27.638224716065984
2025-01-17 04:00,15.53118084778521
2025-01-17 05:00,8.275094087453972
2025-01-17 06:00,6.64363114451502
2025-01-17 07:00,4.833221620562888
2025-01-17 08:00,4.045421936706083
2025-01-17 09:00,3.339281577303453
2025-01-17 10:00,2.8264586885065386
2025-01-17 11:00,4.128962773424192
2025-01-17 12:00,4.381186174011502
2025-01-17 13:00,5.809890659013362
2025-01-17 14:00,8.171888111914107
2025-01-17 15:00,14.992190585406258
2025-01-17 16:00,15.71230702469013
2025-01-17 17:00,14.853676195981999
2025-01-17 18:00,13.856703040035997
2025-01-17 19:00,16.06123648399788
2025-01-17 20:00,22.76668150574944
2025-01-17 21:00,22.96490749837266
2025-01-17 22:00,24.947463351237097
2025-01-17 23:00,19.23506348034181
2025-01-18 00:00,5.9511425802894244
2025-01-18 01:00,5.721802872202275
2025-01-18 02:00,9.605954615879858
2025-01-18 03:00,12.608615492658942
2025-01-18 04:00,10.95908834827793
2025-01-18 05:00,10.015814858963966
2025-01-18 06:00,11.564181388134795
2025-01-18 07:00,12.247817417786191
2025-01-18 08:00,10.396849647936566
2025-01-18 09:00,5.395321978845335
2025-01-18 10:00,4.027979297123011
2025-01-18 11:00,3.7403544139838147
2025-01-18 12:00,3.9859736717066077
2025-01-18 13:00,4.146636842824702
2025-01-18 14:00,5.2237646475552
2025-01-18 15:00,5.1120858346943
2025-01-18 16:00,5.91773020702955
2025-01-18 17:00,4.864782561890314
2025-01-18 18:00,4.785325833559687
2025-01-18 19:00,5.173239755042083
2025-01-18 20:00,7.865630048902819
2025-01-18 21:00,6.804286484481656
2025-01-18 22:00,6.093615841409958
2025-01-18 23:00,6.9887155691343406
2025-01-19 00:00,6.653541147246573
2025-01-19 01:00,5.455054699614026
2025-01-19 02:00,7.890627588311867
2025-01-19 03:00,4.8895316745813435
2025-01-19 04:00,5.342244783880318
2025-01-19 05:00,5.389135518837108
2025-01-19 06:00,4.19909202625661
2025-01-19 07:00,3.3072187975317924
2025-01-19 08:00,2.408710649568996
2025-01-19 09:00,3.2715465332543006
2025-01-19 10:00,3.1780339397812774
2025-01-19 11:00,3.0542829162404135
2025-01-19 12:00,4.20925503878164
2025-01-19 13:00,4.528597036273055
2025-01-19 14:00,4.490575129886571
2025-01-19 15:00,5.185858881023655
2025-01-19 16:00,5.379220203152904
2025-01-19 17:00,6.282686222452046
2025-01-19 18:00,5.301197119522406
2025-01-19 19:00,7.624308035073771
2025-01-19 20:00,9.7735367845451
2025-01-19 21:00,11.565362643141134
2025-01-19 22:00,11.50848016212979
2025-01-19 23:00,12.87175527120525
2025-01-20 00:00,7.686761048358349
2025-01-20 01:00,8.95909681595694
2025-01-20 02:00,9.269953273597213
2025-01-20 03:00,8.351120026047564
2025-01-20 04:00,6.3113144389156055
2025-01-20 05:00,7.033342387180664
2025-01-20 06:00,6.5176176093455975
2025-01-20 07:00,7.089609632952127
2025-01-20 08:00,6.346352317903165
2025-01-20 09:00,8.240848384936532
2025-01-20 10:00,6.137101269726147
2025-01-20 11:00,8.232511235430403
2025-01-20 12:00,8.21621541846368
2025-01-20 13:00,7.085577701439242
2025-01-20 14:00,6.491566545883877
2025-01-20 15:00,6.142975945557463
2025-01-20 16:00,6.0998181019153375
2025-01-20 17:00,6.606418777447114
2025-01-20 18:00,5.909221985538261
2025-01-20 19:00,9.83020102695515
2025-01-20 20:00,12.936744616100022
2025-01-20 21:00,12.560050278978041
2025-01-20 22:00,12.518700762227446
2025-01-20 23:00,11.12749120543603
2025-01-21 00:00,10.62789335691021
2025-01-21 01:00,7.007734229287271
2025-01-21 02:00,10.083678535181216
2025-01-21 03:00,14.725871164615452
2025-01-21 04:00,13.523806358236683
2025-01-21 05:00,16.22480520987718
2025-01-21 06:00,10.791551459693892
2025-01-21 07:00,10.892353893453295
2025-01-21 08:00,7.989042183696554
2025-01-21 09:00,4.838181567461207
2025-01-21 10:00,4.159098825127266
2025-01-21 11:00,4.599133207939241
2025-01-21 12:00,5.437692876334689
2025-01-21 13:00,5.621100350128195
2025-01-21 14:00,7.0887151594133755
2025-01-21 15:00,9.014404748381576
2025-01-21 16:00,6.783147877714558
2025-01-21 17:00,6.024155605202912
2025-01-21 18:00,6.399601399252321
2025-01-21 19:00,8.12857685330628
2025-01-21 20:00,8.223586297582752
2025-01-21 21:00,8.068248019241942
2025-01-21 22:00,10.026039975169112
2025-01-21 23:00,8.930541019080636
2025-01-22 00:00,6.970638338940486
2025-01-22 01:00,5.182462831435339
2025-01-22 02:00,5.629480164017442
2025-01-22 03:00,7.097965647658546
2025-01-22 04:00,8.946669270669089
2025-01-22 05:00,9.834306052668339
2025-01-22 06:00,10.444449048719228
2025-01-22 07:00,5.18216800537863
2025-01-22 08:00,2.9088253780096514
2025-01-22 09:00,4.433816247830398
2025-01-22 10:00,3.7420796101257428
2025-01-22 11:00,6.683518164207708
2025-01-22 12:00,6.190039811150028
2025-01-22 13:00,5.062058661209711
2025-01-22 14:00,5.499204668144992
2025-01-22 15:00,6.094498029921706
2025-01-22 16:00,5.900803636053425
2025-01-22 17:00,7.002024622837105
2025-01-22 18:00,3.0178068027964065
2025-01-22 19:00,5.254174452602026
2025-01-22 20:00,5.9843391906279635
2025-01-22 21:00,5.189295426370492
2025-01-22 22:00,5.000096069538031
2025-01-22 23:00,8.206892777560245
2025-01-23 00:00,10.323499084952216
2025-01-23 01:00,11.867371163012223
2025-01-23 02:00,9.359036943341774
2025-01-23 03:00,11.092484142179673
2025-01-23 04:00,12.78199421960289
2025-01-23 05:00,8.73860057177276
2025-01-23 06:00,9.267527668234921
2025-01-23 07:00,5.827841602627117
2025-01-23 08:00,5.057042262324343
2025-01-23 09:00,4.818068649110982
2025-01-23 10:00,5.065199017892404
2025-01-23 11:00,4.676572428928102
2025-01-23 12:00,4.391693236382279
2025-01-23 13:00,6.219817352580231
2025-01-23 14:00,8.358929133825733
2025-01-23 15:00,11.226511369172163
2025-01-23 16:00,14.006525481693242
2025-01-23 17:00,19.121103883545857
2025-01-23 18:00,10.9811201493213
2025-01-23 19:00,18.14162324908314
2025-01-23 20:00,16.552823112090188
2025-01-23 21:00,16.36250191964253
2025-01-23 22:00,16.689221448725025
2025-01-23 23:00,20.911328876025106
2025-01-24 00:00,18.49859787706935
2025-01-24 01:00,11.519591345179595
2025-01-24 02:00,9.463748708489783
2025-01-24 03:00,11.470180884575964
2025-01-24 04:00,13.660012664850889
2025-01-24 05:00,16.103596609468447
2025-01-24 06:00,13.65010210634194
2025-01-24 07:00,13.130903033142951
2025-01-24 08:00,11.965453343226628
2025-01-24 09:00,7.344273337242512
2025-01-24 10:00,6.52600464132553
2025-01-24 11:00,6.670202720766756
2025-01-24 12:00,7.498735141446312
2025-01-24 13:00,10.237025184079592
2025-01-24 14:00,16.264550727508187
2025-01-24 15:00,15.666599701527012
2025-01-24 16:00,22.676451942780602
2025-01-24 17:00,25.206115347439443
2025-01-24 18:00,22.50802199981515
2025-01-24 19:00,22.772434050220554
2025-01-24 20:00,18.03990885331327
2025-01-24 21:00,21.013138609749745
2025-01-24 22:00,24.851342672759127
2025-01-24 23:00,17.852049692929924
2025-01-25 00:00,11.867395687357428
2025-01-25 01:00,10.163363341460052
2025-01-25 02:00,13.649146119119727
2025-01-25 03:00,10.579290886813713
2025-01-25 04:00,10.650418331011362
2025-01-25 05:00,10.651281517093025
2025-01-25 06:00,11.57821836293894
2025-01-25 07:00,12.116169411449443
2025-01-25 08:00,9.574199888533249
2025-01-25 09:00,4.208293078739965
2025-01-25 10:00,6.261776108843314
2025-01-25 11:00,3.8450974125130393
2025-01-25 12:00,4.526057890668202
2025-01-25 13:00,3.524852734278596
2025-01-25 14:00,3.297534158928754
2025-01-25 15:00,6.743350916477407
2025-01-25 16:00,15.526215420901858
2025-01-25 17:00,14.956328660611526
2025-01-25 18:00,11.821520788987655
2025-01-25 19:00,7.522324739981967
2025-01-25 20:00,10.74561695113086
2025-01-25 21:00,12.106664008481593
2025-01-25 22:00,11.739830156466647
2025-01-25 23:00,9.903892109791451
2025-01-26 00:00,5.540465211351508
2025-01-26 01:00,3.5410933233058235
2025-01-26 02:00,5.310872234665034
2025-01-26 03:00,7.369709245412352
2025-01-26 04:00,10.546582327315118
2025-01-26 05:00,9.32655862049836
2025-01-26 06:00,9.986846247945545
2025-01-26 07:00,8.05983647816136
2025-01-26 08:00,6.468094653722561
2025-01-26 09:00,2.9585967813300615
2025-01-26 10:00,1.230423044542516
2025-01-26 11:00,0.9009296931865014
2025-01-26 12:00,3.7574409267333055
2025-01-26 13:00,4.419944982588694
2025-01-26 14:00,4.76878267540981
2025-01-26 15:00,5.150012845970108
2025-01-26 16:00,4.767673120664302
2025-01-26 17:00,4.864514706764766
2025-01-26 18:00,5.339245302453708
2025-01-26 19:00,4.896960917713836
2025-01-26 20:00,4.971962827306706
2025-01-26 21:00,5.185820831706678
2025-01-26 22:00,6.298945690942963
2025-01-26 23:00,8.939788200396944
2025-01-27 00:00,6.452359180744368
2025-01-27 01:00,8.78289381002671
2025-01-27 02:00,7.816371347922889
2025-01-27 03:00,6.943928348846148
2025-01-27 04:00,10.154565229855027
2025-01-27 05:00,30.29255726517957
2025-01-27 06:00,35.29731912564494
2025-01-27 07:00,39.96466675211085
2025-01-27 08:00,42.06693666235585
2025-01-27 09:00,28.73484866248007
2025-01-27 10:00,43.90371576972281
2025-01-27 11:00,49.060721722242114
2025-01-27 12:00,40.65279544274191
2025-01-27 13:00,31.872040511215154
2025-01-27 14:00,43.57748998149787
2025-01-27 15:00,44.480778763058204
2025-01-27 16:00,54.44006366429226
2025-01-27 17:00,53.97455598334158
2025-01-27 18:00,52.04994137723289
2025-01-27 19:00,52.11329123157974
2025-01-27 20:00,51.7509458897247
2025-01-27 21:00,49.273514889495395
2025-01-27 22:00,54.503630172049874
2025-01-27 23:00,52.43779719834426
2025-01-28 00:00,51.20905356750941
2025-01-28 01:00,53.83058233797899
2025-01-28 02:00,55.11433182061238
2025-01-28 03:00,51.68118458120122
2025-01-28 04:00,52.845563649609595
2025-01-28 05:00,53.3558430958014
2025-01-28 06:00,51.584474560251856
2025-01-28 07:00,52.06486350696183
2025-01-28 08:00,50.07108113121077
2025-01-28 09:00,50.81759981465772
2025-01-28 10:00,55.32806409745733
2025-01-28 11:00,53.65378773005586
2025-01-28 12:00,54.20709731308446
2025-01-28 13:00,55.0635085396549
2025-01-28 14:00,56.86791030378023
2025-01-28 15:00,53.5245097452734
2025-01-28 16:00,55.092689463881655
2025-01-28 17:00,57.24081022235947
2025-01-28 18:00,54.23257455805466
2025-01-28 19:00,54.26552304548631
2025-01-28 20:00,54.348917057529796
2025-01-28 21:00,52.46872194674376
2025-01-28 22:00,51.333395324975214
2025-01-28 23:00,54.57504009385857
2025-01-29 00:00,53.24512987455143
2025-01-29 01:00,52.884443448402415
2025-01-29 02:00,43.79057977975075
2025-01-29 03:00,52.64012099619939
2025-01-29 04:00,52.56944480088778
2025-01-29 05:00,49.524979180302374
2025-01-29 06:00,47.711623223149765
2025-01-29 07:00,52.68921460657788
2025-01-29 08:00,51.28413266048548
2025-01-29 09:00,48.931498673752166
2025-01-29 10:00,53.771541594254046
2025-01-29 11:00,53.42019583039653
2025-01-29 12:00,53.16279457588268
2025-01-29 13:00,53.20379495660922
2025-01-29 14:00,53.19339265080338
2025-01-29 15:00,52.66359110711009
2025-01-29 16:00,52.84888352029635
2025-01-29 17:00,53.467650828136804
2025-01-29 18:00,51.63022493729571
2025-01-29 19:00,52.013648028525914
2025-01-29 20:00,50.07652037888126
2025-01-29 21:00,44.34775626594473
2025-01-29 22:00,30.120765062221846
2025-01-29 23:00,37.35138292754513
2025-01-30 00:00,13.858460024799918
2025-01-30 01:00,9.664821212935298
2025-01-30 02:00,5.233955829273635
2025-01-30 03:00,5.367731772777958
2025-01-30 04:00,5.298247479988786
2025-01-30 05:00,5.808604289613275
2025-01-30 06:00,4.177463694905908
2025-01-30 07:00,8.770181289834218
2025-01-30 08:00,6.647591290620078
2025-01-30 09:00,8.841392275031051
2025-01-30 10:00,7.521092540245904
2025-01-30 11:00,1.9084204070646318
2025-01-30 12:00,0.7790091959108456
2025-01-30 13:00,1.81935935075582
2025-01-30 14:00,3.470172035976938
2025-01-30 15:00,3.870926361959268
2025-01-30 16:00,5.629737632536756
2025-01-30 17:00,7.835667878221351
2025-01-30 18:00,8.438135177170926
2025-01-30 19:00,8.766935850996894
2025-01-30 20:00,7.9608535645597325
2025-01-30 21:00,6.394314292974695
2025-01-30 22:00,5.775714362471861
2025-01-30 23:00,7.709491379962202
2025-01-31 00:00,3.010465534296736
2025-01-31 01:00,5.3505418790838295
2025-01-31 02:00,3.7522114993356372
2025-01-31 03:00,3.7707603137858725
2025-01-31 04:00,7.0604555834157665
2025-01-31 05:00,6.794744523696389
2025-01-31 06:00,4.659698402677444
2025-01-31 07:00,5.370875530989817
2025-01-31 08:00,2.664650195150956
2025-01-31 09:00,1.648096735870809
2025-01-31 10:00,2.774523422386795
2025-01-31 11:00,4.251361673483755
2025-01-31 12:00,6.907470580837172
2025-01-31 13:00,9.915682712909996
2025-01-31 14:00,8.260317068511135
2025-01-31 15:00,5.599745994654459
2025-01-31 16:00,5.922201277984245
2025-01-31 17:00,5.275777971987132
2025-01-31 18:00,5.700658414406185
2025-01-31 19:00,8.399525722225441
2025-01-31 20:00,9.236974181705548
2025-01-31 21:00,4.73748024058934
2025-01-31 22:00,5.579661570060251
2025-01-31 23:00,6.311024974240937
2025-02-01 00:00,8.440513820553685
2025-02-01 01:00,7.401683991657816
2025-02-01 02:00,6.497114183531874
2025-02-01 03:00,7.686949782369545
2025-02-01 04:00,7.617815029532915
2025-02-01 05:00,9.759669961017579
2025-02-01 06:00,10.653111277740898
2025-02-01 07:00,9.269196711611734
2025-02-01 08:00,13.732629581313782
2025-02-01 09:00,7.701025498457113
2025-02-01 10:00,6.686527636145156
2025-02-01 11:00,7.818037015020828
2025-02-01 12:00,8.869538103251159
2025-02-01 13:00,13.807312446177253
2025-02-01 14:00,14.235126319504053
2025-02-01 15:00,12.654030433907664
2025-02-01 16:00,13.478357689531625
2025-02-01 17:00,10.854486573461909
2025-02-01 18:00,8.045258994317294
2025-02-01 19:00,13.87832051058529
2025-02-01 20:00,14.995094644954744
2025-02-01 21:00,20.120008621949935
2025-02-01 22:00,24.536138142635547
2025-02-01 23:00,19.44456818307352
2025-02-02 00:00,14.659213030568559
2025-02-02 01:00,15.268332014096563
2025-02-02 02:00,13.493798106426798
2025-02-02 03:00,11.019089412244298
2025-02-02 04:00,11.814384472647145
2025-02-02 05:00,11.690830998029465
2025-02-02 06:00,7.461050568845831
2025-02-02 07:00,10.30126411885525
2025-02-02 08:00,9.20552647324718
2025-02-02 09:00,7.886415602030503
2025-02-02 10:00,8.784456461235035
2025-02-02 11:00,6.958818495391338
2025-02-02 12:00,5.275247401926583
2025-02-02 13:00,5.425985664471719
2025-02-02 14:00,5.6775126777893625
2025-02-02 15:00,7.2532341116299595
2025-02-02 16:00,13.92256803505621
2025-02-02 17:00,22.247231780726057
2025-02-02 18:00,18.50076949782293
2025-02-02 19:00,22.627729289855374
2025-02-02 20:00,24.14284905986878
2025-02-02 21:00,19.14377804686068
2025-02-02 22:00,14.027816574189913
2025-02-02 23:00,18.797257559446948
2025-02-03 00:00,13.481958452219388
2025-02-03 01:00,25.966026250139826
2025-02-03 02:00,34.277318000216
2025-02-03 03:00,40.23595397987288
2025-02-03 04:00,50.76735556757374
2025-02-03 05:00,54.71495947161592
2025-02-03 06:00,55.66534701023351
2025-02-03 07:00,54.90321158881783
2025-02-03 08:00,54.46422381509485
2025-02-03 09:00,52.42959254256965
2025-02-03 10:00,49.64935180363745
2025-02-03 11:00,50.33241084433965
2025-02-03 12:00,50.92124795147296
2025-02-03 13:00,50.46159103821413
2025-02-03 14:00,49.800429184573865
2025-02-03 15:00,51.01591367479159
2025-02-03 16:00,51.286041740660785
2025-02-03 17:00,52.746897163361844
2025-02-03 18:00,55.218650925490756
2025-02-03 19:00,56.56876544523343
2025-02-03 20:00,57.05518715834284
2025-02-03 21:00,57.08398686336344
2025-02-03 22:00,56.44636035436951
2025-02-03 23:00,57.48172501076163
2025-02-04 00:00,55.90731488343078
2025-02-04 01:00,54.70068239697421
2025-02-04 02:00,55.14650031831905
2025-02-04 03:00,55.67084534864579
2025-02-04 04:00,55.08708456742695
2025-02-04 05:00,55.664973083115534
2025-02-04 06:00,55.79656191813017
2025-02-04 07:00,53.6359555072931
2025-02-04 08:00,53.88931999416035
2025-02-04 09:00,54.134142948038296
2025-02-04 10:00,53.77729088242545
2025-02-04 11:00,54.89708112754238
2025-02-04 12:00,56.079980850621304
2025-02-04 13:00,55.848864784975426
2025-02-04 14:00,54.33743319633809
2025-02-04 15:00,54.528585927382025
2025-02-04 16:00,54.286188034498714
2025-02-04 17:00,56.17169823108562
2025-02-04 18:00,51.621167554786574
2025-02-04 19:00,53.78868350906803
2025-02-04 20:00,54.37200428805348
2025-02-04 21:00,54.425144544828164
2025-02-04 22:00,52.80024586508831
2025-02-04 23:00,49.43857791305552
2025-02-05 00:00,51.81100239801028
2025-02-05 01:00,48.284330087626024
2025-02-05 02:00,51.413529928142935
2025-02-05 03:00,43.869287058770674
2025-02-05 04:00,46.381250185589565
2025-02-05 05:00,44.29145298386271
2025-02-05 06:00,28.405290786822277
2025-02-05 07:00,27.50541336988985
2025-02-05 08:00,25.7796884735207
2025-02-05 09:00,19.33434675163965
2025-02-05 10:00,11.618132102321965
2025-02-05 11:00,10.48804935410449
2025-02-05 12:00,14.907054210748324
2025-02-05 13:00,17.119089663751726
2025-02-05 14:00,27.614802050374166
2025-02-05 15:00,36.85035974757913
2025-02-05 16:00,31.638185096662397
2025-02-05 17:00,47.49097097348007
2025-02-05 18:00,53.72129891892171
2025-02-05 19:00,55.441628298711244
2025-02-05 20:00,53.960230044155686
2025-02-05 21:00,52.20925816910166
2025-02-05 22:00,54.23327444345483
2025-02-05 23:00,52.57072906586189
2025-02-06 00:00,46.872279589206606
2025-02-06 01:00,43.72810484044774
2025-02-06 02:00,38.64263801371794
2025-02-06 03:00,18.33627958919184
2025-02-06 04:00,8.335247984890746
2025-02-06 05:00,9.378241546596433
2025-02-06 06:00,10.320820180323324
2025-02-06 07:00,8.722383085795116
2025-02-06 08:00,6.720531355169594
2025-02-06 09:00,6.574892644453442
2025-02-06 10:00,4.151934023638171
2025-02-06 11:00,8.087762073285294
2025-02-06 12:00,12.919670987787743
2025-02-06 13:00,23.971617688492785
2025-02-06 14:00,35.88790064737929
2025-02-06 15:00,33.81477287716773
2025-02-06 16:00,27.910925308940115
2025-02-06 17:00,19.931905462498968
2025-02-06 18:00,41.031260376466314
2025-02-06 19:00,47.134598172508284
2025-02-06 20:00,47.99655608648259
2025-02-06 21:00,49.43741424518932
2025-02-06 22:00,52.57784409625842
2025-02-06 23:00,54.17211607372217
2025-02-07 00:00,9.540873890330484
2025-02-07 01:00,5.654409686115915
2025-02-07 02:00,10.283533895185869
2025-02-07 03:00,13.559295961456245
2025-02-07 04:00,15.530401746601413
2025-02-07 05:00,17.045447419215947
2025-02-07 06:00,26.94816756969192
2025-02-07 07:00,19.42419271479435
2025-02-07 08:00,47.705935695500834
2025-02-07 09:00,50.08815364272396
2025-02-07 10:00,49.09793849821137
2025-02-07 11:00,47.84052478560646
2025-02-07 12:00,52.56513419262546
2025-02-07 13:00,53.07878620277837
2025-02-07 14:00,53.64717478040174
2025-02-07 15:00,54.43482718668996
2025-02-07 16:00,53.45485836632623
2025-02-07 17:00,55.04534901380234
2025-02-07 18:00,55.49337967522887
2025-02-07 19:00,54.983426854900266
2025-02-07 20:00,55.121950099622566
2025-02-07 21:00,54.6081748758045
2025-02-07 22:00,54.06034634035521
2025-02-07 23:00,51.013272991702216
2025-02-08 00:00,47.6185970131459
2025-02-08 01:00,45.3052193301255
2025-02-08 02:00,44.03847220375096
2025-02-08 03:00,21.834862230227774
2025-02-08 04:00,23.390908626581716
2025-02-08 05:00,24.002670411850964
2025-02-08 06:00,22.300059858172066
2025-02-08 07:00,17.628574848325826
2025-02-08 08:00,24.60154590411081
2025-02-08 09:00,7.742325403133714
2025-02-08 10:00,16.368574069004517
2025-02-08 11:00,36.688302085634014
2025-02-08 12:00,45.93056786324325
2025-02-08 13:00,51.81857237797587
2025-02-08 14:00,52.441080063067396
2025-02-08 15:00,49.40140963281703
2025-02-08 16:00,46.46777616127677
2025-02-08 17:00,38.3511833484289
2025-02-08 18:00,29.14441376910417
2025-02-08 19:00,15.450421164478017
2025-02-08 20:00,12.004638225370865
2025-02-08 21:00,8.880674285232574
2025-02-08 22:00,4.7443690641836405
2025-02-08 23:00,5.4608199272816424
2025-02-09 00:00,6.781745121917341
2025-02-09 01:00,2.815893340728118
2025-02-09 02:00,3.6457471759013367
2025-02-09 03:00,3.230614064948781
2025-02-09 04:00,4.494640449865567
2025-02-09 05:00,4.3143937182446805
2025-02-09 06:00,2.7076724604476596
2025-02-09 07:00,2.3543754344817995
2025-02-09 08:00,1.5399712573586848
2025-02-09 09:00,2.501991850939936
2025-02-09 10:00,2.2820505975814256
2025-02-09 11:00,1.5108910168126468
2025-02-09 12:00,3.0304160495420223
2025-02-09 13:00,4.44163559924068
2025-02-09 14:00,5.660374361745838
2025-02-09 15:00,8.428300383853882
2025-02-09 16:00,12.56699249270554
2025-02-09 17:00,15.914469186046496
2025-02-09 18:00,16.891263523274503
2025-02-09 19:00,28.19406353215406
2025-02-09 20:00,25.298629892732077
2025-02-09 21:00,16.75702829209407
2025-02-09 22:00,16.102791834448098
2025-02-09 23:00,12.266833410059965
2025-02-10 00:00,6.5872369384886476
2025-02-10 01:00,7.708615926187388
2025-02-10 02:00,9.160209422925131
2025-02-10 03:00,15.105172647863352
2025-02-10 04:00,6.949365583028527
2025-02-10 05:00,3.329282051464986
2025-02-10 06:00,2.1727478168008134
2025-02-10 07:00,4.162868481948795
2025-02-10 08:00,0.48709631441030177
2025-02-10 09:00,1.1126499292800693
2025-02-10 10:00,0.8682288652659562
2025-02-10 11:00,0.13447758661391152
2025-02-10 12:00,0.8801876859639195
2025-02-10 13:00,1.8696773573332792
2025-02-10 14:00,9.080595097580204
2025-02-10 15:00,11.084170911914743
2025-02-10 16:00,11.469319593831813
2025-02-10 17:00,18.381883393577297
2025-02-10 18:00,15.512854899304944
2025-02-10 19:00,7.842769888857543
2025-02-10 20:00,3.262456188038825
2025-02-10 21:00,1.2666282154678261
2025-02-10 22:00,1.8268162557684593
2025-02-10 23:00,0.6426762804253616
2025-02-11 00:00,0.7151873038832319
2025-02-11 01:00,3.1899275320743565
2025-02-11 02:00,1.2093764783505583
2025-02-11 03:00,4.68246587988456
2025-02-11 04:00,3.4861372810203113
2025-02-11 05:00,2.5385647879281263
2025-02-11 06:00,1.6063387538470728
2025-02-11 07:00,2.157115331745946
2025-02-11 08:00,2.0225879142475276
2025-02-11 09:00,1.281775002975297
2025-02-11 10:00,0.5706884270149138
2025-02-11 11:00,0.7011233316995837
2025-02-11 12:00,0.0
2025-02-11 13:00,0.0
2025-02-11 14:00,0.4916033973874818
2025-02-11 15:00,1.2790744542112824
2025-02-11 16:00,1.4958014533035193
2025-02-11 17:00,2.2247960338164443
2025-02-11 18:00,3.5212576196522822
2025-02-11 19:00,3.5627341994003587
2025-02-11 20:00,2.3307267976100916
2025-02-11 21:00,1.4489053752872851
2025-02-11 22:00,7.641555177501115
2025-02-11 23:00,3.4866242970492167
2025-02-12 00:00,1.7673435675281777
2025-02-12 01:00,1.2760249165641446
2025-02-12 02:00,0.5140431138907793
2025-02-12 03:00,2.743341503463245
2025-02-12 04:00,2.395186267599635
2025-02-12 05:00,5.356529944542901
2025-02-12 06:00,10.814498640556273
2025-02-12 07:00,10.555245420384459
2025-02-12 08:00,12.392861258694735
2025-02-12 09:00,12.451805989030913
2025-02-12 10:00,7.127938159815605
2025-02-12 11:00,8.081409058990273
2025-02-12 12:00,9.596082661380926
2025-02-12 13:00,18.27131154861589
2025-02-12 14:00,23.80507375587137
2025-02-12 15:00,28.49923204978542
2025-02-12 16:00,26.873309438979952
2025-02-12 17:00,52.328578822089334
2025-02-12 18:00,56.33755336986
2025-02-12 19:00,57.004342874973524
2025-02-12 20:00,56.19314212033277
2025-02-12 21:00,57.33985910932107
2025-02-12 22:00,58.145936121731644
2025-02-12 23:00,57.67240176880977
2025-02-13 00:00,56.56210733044464
2025-02-13 01:00,55.08823672545671
2025-02-13 02:00,54.25156369693974
2025-02-13 03:00,50.45452611763111
2025-02-13 04:00,35.65404301931061
2025-02-13 05:00,18.6948587845289
2025-02-13 06:00,9.451078345184872
2025-02-13 07:00,5.3268557650331
2025-02-13 08:00,2.7603223869382485
2025-02-13 09:00,1.3673188485699328
2025-02-13 10:00,1.7339777629264668
2025-02-13 11:00,2.2542219463153907
2025-02-13 12:00,5.607428469858339
2025-02-13 13:00,8.424603425004317
2025-02-13 14:00,8.666464072523667
2025-02-13 15:00,9.165662450265012
2025-02-13 16:00,12.753351238937416
2025-02-13 17:00,15.858980254235199
2025-02-13 18:00,8.518167470220952
2025-02-13 19:00,6.333253376345436
2025-02-13 20:00,8.090869340761637
2025-02-13 21:00,7.997073962693767
2025-02-13 22:00,7.142494249733817
2025-02-13 23:00,5.264789284785692
2025-02-14 00:00,4.472881221831354
2025-02-14 01:00,5.736872771122604
2025-02-14 02:00,10.14449653288786
2025-02-14 03:00,14.533056043291142
2025-02-14 04:00,11.70055912173961
2025-02-14 05:00,6.256972739232442
2025-02-14 06:00,2.802280793069093
2025-02-14 07:00,2.9473605690137266
2025-02-14 08:00,2.9064283945221105
2025-02-14 09:00,0.6226889850066285
2025-02-14 10:00,1.150993549146778
2025-02-14 11:00,4.405274942702686
2025-02-14 12:00,3.781201713211773
2025-02-14 13:00,3.9902410375721904
2025-02-14 14:00,4.7960189521426795
2025-02-14 15:00,4.410716213080107
2025-02-14 16:00,4.004099267022589
2025-02-14 17:00,4.569655040119409
2025-02-14 18:00,3.353972001610878
2025-02-14 19:00,3.083674540533045
2025-02-14 20:00,3.7962123922271203
2025-02-14 21:00,6.000109706478346
2025-02-14 22:00,2.620600585897004
2025-02-14 23:00,8.65459774020681
2025-02-15 00:00,5.187316179503798
2025-02-15 01:00,4.441152291308402
2025-02-15 02:00,3.5249339435854066
2025-02-15 03:00,1.6387473256541676
2025-02-15 04:00,3.9704816129891607
2025-02-15 05:00,2.687163903003762
2025-02-15 06:00,1.1768788488079478
2025-02-15 07:00,1.0855558617001408
2025-02-15 08:00,0.5011970870665858
2025-02-15 09:00,0.37197152111710496
2025-02-15 10:00,0.0
2025-02-15 11:00,0.451100917630459
2025-02-15 12:00,1.6895259607582953
2025-02-15 13:00,2.939386680698848
2025-02-15 14:00,2.5864281490414713
2025-02-15 15:00,3.599016319681649
2025-02-15 16:00,3.9210884331333777
2025-02-15 17:00,3.917764369376195
2025-02-15 18:00,4.678358883171395
2025-02-15 19:00,3.9606380926065303
2025-02-15 20:00,3.0221074417033456
2025-02-15 21:00,3.0384596759992877
2025-02-15 22:00,3.1502174819778057
2025-02-15 23:00,3.461845918814586
2025-02-16 00:00,3.5202524701069735
2025-02-16 01:00,5.4041538752238125
2025-02-16 02:00,3.806327540193618
2025-02-16 03:00,2.4457017457968715
2025-02-16 04:00,5.484029662809617
2025-02-16 05:00,7.099046401467962
2025-02-16 06:00,5.953120693498851
2025-02-16 07:00,6.668962280020555
2025-02-16 08:00,5.878666259611215
2025-02-16 09:00,2.2711406681046693
2025-02-16 10:00,1.5911880268608356
2025-02-16 11:00,5.946033834475303
2025-02-16 12:00,5.3867594341962
2025-02-16 13:00,5.964835108214999
2025-02-16 14:00,10.225353048422612
2025-02-16 15:00,21.334123742084074
2025-02-16 16:00,21.698185354510763
2025-02-16 17:00,20.139074310982195
2025-02-16 18:00,24.437197724163987
2025-02-16 19:00,25.548410975342573
2025-02-16 20:00,38.82103856184959
2025-02-16 21:00,50.55607479416498
2025-02-16 22:00,48.117584188843566
2025-02-16 23:00,50.2046814540712
2025-02-17 00:00,52.14798542556499
2025-02-17 01:00,53.49245123292177
2025-02-17 02:00,53.17847835254825
2025-02-17 03:00,51.54610067935898
2025-02-17 04:00,49.27256291019458
2025-02-17 05:00,46.486367507450254
2025-02-17 06:00,50.432948065816284
2025-02-17 07:00,40.39458689584176
2025-02-17 08:00,36.8384562465515
2025-02-17 09:00,42.66541187453871
2025-02-17 10:00,45.58964729732754
2025-02-17 11:00,49.10955296808962
2025-02-17 12:00,47.521561118779665
2025-02-17 13:00,47.273008776591354
2025-02-17 14:00,46.99054956254523
2025-02-17 15:00,47.372335251071355
2025-02-17 16:00,48.05732173792576
2025-02-17 17:00,48.83046237547875
2025-02-17 18:00,43.779533314371086
2025-02-17 19:00,43.14875910383541
2025-02-17 20:00,43.373435435360214
2025-02-17 21:00,41.73687779185301
2025-02-17 22:00,42.8470837703901
2025-02-17 23:00,44.56560975693673
2025-02-18 00:00,43.64475522655655
2025-02-18 01:00,45.05022444132175
2025-02-18 02:00,42.67180157101357
2025-02-18 03:00,33.807794698095286
2025-02-18 04:00,41.42630083859684
2025-02-18 05:00,47.950368519703325
2025-02-18 06:00,41.50775859525332
2025-02-18 07:00,33.07531704244
2025-02-18 08:00,33.771216646554066
2025-02-18 09:00,39.403506372755736
2025-02-18 10:00,43.96854130174791
2025-02-18 11:00,45.99298321486723
2025-02-18 12:00,46.33905218330302
2025-02-18 13:00,45.90082266916057
2025-02-18 14:00,47.2322540687408
2025-02-18 15:00,46.9048297709251
2025-02-18 16:00,47.915037281376264
2025-02-18 17:00,49.42772436769642
2025-02-18 18:00,45.892363567680206
2025-02-18 19:00,42.05833431762529
2025-02-18 20:00,45.23190625327247
2025-02-18 21:00,46.893600589514755
2025-02-18 22:00,50.68916741512296
2025-02-18 23:00,50.08729847358605
2025-02-19 00:00,45.99808369335606
2025-02-19 01:00,45.73168571975517
2025-02-19 02:00,42.92245812378498
2025-02-19 03:00,22.897637904858698
2025-02-19 04:00,18.628363327813567
2025-02-19 05:00,36.267926910605986
2025-02-19 06:00,40.0683263959561
2025-02-19 07:00,31.4577892519186
2025-02-19 08:00,36.94905191153365
2025-02-19 09:00,47.910005377061246
2025-02-19 10:00,48.1432307088271
2025-02-19 11:00,48.741424207198584
2025-02-19 12:00,47.97485479400552
2025-02-19 13:00,46.601981589120406
2025-02-19 14:00,46.591935525625125
2025-02-19 15:00,47.47846860700263
2025-02-19 16:00,47.05716535348795
2025-02-19 17:00,47.91324371099439
2025-02-19 18:00,42.24358154357977
2025-02-19 19:00,42.104727697266476
2025-02-19 20:00,42.50224092209188
2025-02-19 21:00,40.23438981707445
2025-02-19 22:00,33.856248656912335
2025-02-19 23:00,30.015482254287477
2025-02-20 00:00,18.38327910326416
2025-02-20 01:00,22.344415377830835
2025-02-20 02:00,22.579690266642945
2025-02-20 03:00,28.41298553672253
2025-02-20 04:00,28.201943763304527
2025-02-20 05:00,20.93053186082505
2025-02-20 06:00,11.811819056982634
2025-02-20 07:00,7.172265305927917
2025-02-20 08:00,5.667476309549977
2025-02-20 09:00,12.623026735705093
2025-02-20 10:00,15.851162905232549
2025-02-20 11:00,29.717070290193675
2025-02-20 12:00,35.45088727760342
2025-02-20 13:00,38.31411904008927
2025-02-20 14:00,44.24185963327766
2025-02-20 15:00,43.77850423439542
2025-02-20 16:00,45.51132724165273
2025-02-20 17:00,42.133436441663
2025-02-20 18:00,38.64601842463524
2025-02-20 19:00,41.205139403635805
2025-02-20 20:00,42.174876564066075
2025-02-20 21:00,43.18845864774046
2025-02-20 22:00,47.37721371735183
2025-02-20 23:00,49.610087541799736
2025-02-21 00:00,41.12975245200048
2025-02-21 01:00,43.779221538969644
2025-02-21 02:00,41.33041827248031
2025-02-21 03:00,30.956170182550537
2025-02-21 04:00,27.96657913249379
2025-02-21 05:00,27.184472516145632
2025-02-21 06:00,23.927517716880104
2025-02-21 07:00,21.795493632624318
2025-02-21 08:00,20.45882305085943
2025-02-21 09:00,21.50268266935247
2025-02-21 10:00,16.7739904953577
2025-02-21 11:00,15.921028525297153
2025-02-21 12:00,20.77630155225031
2025-02-21 13:00,25.59413763473915
2025-02-21 14:00,34.34133958736179
2025-02-21 15:00,38.77964867649987
2025-02-21 16:00,40.43928830170761
2025-02-21 17:00,41.45583676891912
2025-02-21 18:00,38.10046554546181
2025-02-21 19:00,35.671800047514154
2025-02-21 20:00,35.28744757914697
2025-02-21 21:00,32.20451753330069
2025-02-21 22:00,28.4340090236014
2025-02-21 23:00,34.04690125168736
2025-02-22 00:00,19.062175240968795
2025-02-22 01:00,15.098080238518556
2025-02-22 02:00,13.916907208090779
2025-02-22 03:00,50.53235306477059
2025-02-22 04:00,49.72287084883808
2025-02-22 05:00,52.4508547043663
2025-02-22 06:00,46.202298046658704
2025-02-22 07:00,29.144912390519686
2025-02-22 08:00,27.50549840404721
2025-02-22 09:00,25.753794485954096
2025-02-22 10:00,27.885604456885076
2025-02-22 11:00,22.50872992637249
2025-02-22 12:00,24.053346406535844
2025-02-22 13:00,32.33410592485707
2025-02-22 14:00,38.46778915045636
2025-02-22 15:00,39.632049471739144
2025-02-22 16:00,38.78927039622574
2025-02-22 17:00,33.4171016920091
2025-02-22 18:00,32.482208334949156
2025-02-22 19:00,35.43349491889193
2025-02-22 20:00,38.467511174772625
2025-02-22 21:00,33.06174788772415
2025-02-22 22:00,37.607939644289964
2025-02-22 23:00,37.58064293390145
2025-02-23 00:00,25.83043953284898
2025-02-23 01:00,33.61160277962026
2025-02-23 02:00,37.16711346892669
2025-02-23 03:00,29.809592602317956
2025-02-23 04:00,22.69695529898194
2025-02-23 05:00,9.422001071841269
2025-02-23 06:00,4.750469326048652
2025-02-23 07:00,1.4601283931878064
2025-02-23 08:00,13.944982717303922
2025-02-23 09:00,47.948713725864074
2025-02-23 10:00,47.48697984683066
2025-02-23 11:00,44.43400292198653
2025-02-23 12:00,46.45610000037575
2025-02-23 13:00,47.25400461587177
2025-02-23 14:00,49.024706666468816
2025-02-23 15:00,49.31827265532389
2025-02-23 16:00,49.69795752454531
2025-02-23 17:00,49.57138496770201
2025-02-23 18:00,49.94799585124118
2025-02-23 19:00,50.06996386536304
2025-02-23 20:00,49.13681374634336
2025-02-23 21:00,49.80826493071494
2025-02-23 22:00,51.368226423977994
2025-02-23 23:00,50.103527263897604
2025-02-24 00:00,48.15330956172149
2025-02-24 01:00,48.061784022621794
2025-02-24 02:00,44.100257125815894
2025-02-24 03:00,34.70524048375872
2025-02-24 04:00,15.361387024240177
2025-02-24 05:00,12.053370286966473
2025-02-24 06:00,7.685062186695749
2025-02-24 07:00,5.328986956911747
2025-02-24 08:00,3.328286116670424
2025-02-24 09:00,4.997070824019321
2025-02-24 10:00,11.658898059854877
2025-02-24 11:00,28.730805865644417
2025-02-24 12:00,17.04902486430327
2025-02-24 13:00,15.984171635296729
2025-02-24 14:00,19.674779831882603
2025-02-24 15:00,15.004858825343806
2025-02-24 16:00,20.653655853332964
2025-02-24 17:00,22.089490578697657
2025-02-24 18:00,19.06282621998058
2025-02-24 19:00,17.915299055618206
2025-02-24 20:00,13.486148839937357
2025-02-24 21:00,5.426557604658045
2025-02-24 22:00,2.904714429594907
2025-02-24 23:00,1.2149544078551702
2025-02-25 00:00,0.3825790815971568
2025-02-25 01:00,1.2900330082963771
2025-02-25 02:00,1.9188980895855434
2025-02-25 03:00,2.1013948818492616
2025-02-25 04:00,3.6069459192942683
2025-02-25 05:00,2.414975826014215
2025-02-25 06:00,6.636791977583561
2025-02-25 07:00,7.121130073150056
2025-02-25 08:00,2.7622138041131072
2025-02-25 09:00,0.5803368791122887
2025-02-25 10:00,1.2135833351882983
2025-02-25 11:00,1.8714597538836384
2025-02-25 12:00,3.7826681599713576
2025-02-25 13:00,5.123956576127682
2025-02-25 14:00,5.668777898681785
2025-02-25 15:00,9.264970194626347
2025-02-25 16:00,16.925479346668457
2025-02-25 17:00,25.14256784239676
2025-02-25 18:00,20.85376419771493
2025-02-25 19:00,11.513376165149515
2025-02-25 20:00,9.849364627752408
2025-02-25 21:00,24.094699846770904
2025-02-25 22:00,25.690512414460787
2025-02-25 23:00,23.601062266935728
2025-02-26 00:00,7.915554404103652
2025-02-26 01:00,6.198619843451754
2025-02-26 02:00,9.429124276835182
2025-02-26 03:00,15.921406795200944
2025-02-26 04:00,17.312682654105593
2025-02-26 05:00,14.003281033350422
2025-02-26 06:00,12.131945636734674
2025-02-26 07:00,14.499867677668753
2025-02-26 08:00,8.876294834455964
2025-02-26 09:00,14.218940498867962
2025-02-26 10:00,10.895997399845347
2025-02-26 11:00,11.031303370182444
2025-02-26 12:00,11.885236191321734
2025-02-26 13:00,13.360372384647118
2025-02-26 14:00,11.005694852079145
2025-02-26 15:00,8.450868781247006
2025-02-26 16:00,8.154244593353564
2025-02-26 17:00,5.958486520591016
2025-02-26 18:00,1.8723252569465654
2025-02-26 19:00,1.1704679009439145
2025-02-26 20:00,2.256548775728634
2025-02-26 21:00,0.2368305056001021
2025-02-26 22:00,1.1668533696981764
2025-02-26 23:00,0.8961283996250025
2025-02-27 00:00,0.0
2025-02-27 01:00,0.0
2025-02-27 02:00,0.0963814324542207
2025-02-27 03:00,0.2988024971707992
2025-02-27 04:00,0.026086866111124152
2025-02-27 05:00,1.081127577590404
2025-02-27 06:00,1.2652466654805472
2025-02-27 07:00,1.6314158256659246
2025-02-27 08:00,0.3832177672886483
2025-02-27 09:00,0.8905156285341465
2025-02-27 10:00,0.29153187447975903
2025-02-27 11:00,1.0379651335485307
2025-02-27 12:00,1.270172045454654
2025-02-27 13:00,2.0302308506048443
2025-02-27 14:00,4.336513362307503
2025-02-27 15:00,5.249912987616192
2025-02-27 16:00,5.392434593228931
2025-02-27 17:00,6.46090317973241
2025-02-27 18:00,4.540914203015356
2025-02-27 19:00,5.690202211113736
2025-02-27 20:00,5.457322214582316
2025-02-27 21:00,2.813812179327306
2025-02-27 22:00,10.192869188911587
2025-02-27 23:00,3.893930362740487
2025-02-28 00:00,3.1922553761665213
2025-02-28 01:00,2.7950129884821915
2025-02-28 02:00,3.3038234128802464
2025-02-28 03:00,3.479749603268415
2025-02-28 04:00,3.5807517336451737
2025-02-28 05:00,2.7980417792336945
2025-02-28 06:00,2.196652447217762
2025-02-28 07:00,1.7775211375478412
2025-02-28 08:00,2.094314048046533
2025-02-28 09:00,1.969493599009239
2025-02-28 10:00,1.4922229632965687
2025-02-28 11:00,1.4503872266413822
2025-02-28 12:00,4.1488380563705505
2025-02-28 13:00,7.384126987514444
2025-02-28 14:00,5.302338129631217
2025-02-28 15:00,5.318398422656475
2025-02-28 16:00,4.892720462068761
2025-02-28 17:00,7.1969055141719025
2025-02-28 18:00,9.594017278467133
2025-02-28 19:00,6.170943359131428
2025-02-28 20:00,4.264899921696427
2025-02-28 21:00,6.219234910402022
2025-02-28 22:00,6.328778744440839
2025-02-28 23:00,6.0489640235198205
2025-03-01 00:00,3.9357341655474847
2025-03-01 01:00,4.437109241998485
2025-03-01 02:00,3.0121403306580508
2025-03-01 03:00,3.3354104871872976
2025-03-01 04:00,5.313927837846483
2025-03-01 05:00,6.049574268766765
2025-03-01 06:00,5.094507680973232
2025-03-01 07:00,3.570281061102721
2025-03-01 08:00,2.2165041529764924
2025-03-01 09:00,1.0859424775620579
2025-03-01 10:00,1.8062777987872844
2025-03-01 11:00,2.7667302540996452
2025-03-01 12:00,2.4301734896281633
2025-03-01 13:00,3.5020536074355437
2025-03-01 14:00,4.055293797781728
2025-03-01 15:00,14.326232104936029
2025-03-01 16:00,9.187739718259122
2025-03-01 17:00,5.466017215867279
2025-03-01 18:00,6.252393118586637
2025-03-01 19:00,6.6444555140339965
2025-03-01 20:00,9.068325148339373
2025-03-01 21:00,8.35033761761348
2025-03-01 22:00,5.936010104904215
2025-03-01 23:00,5.722779069362625
2025-03-02 00:00,11.266967555866682
2025-03-02 01:00,8.434490692697695
2025-03-02 02:00,7.110851623987477
2025-03-02 03:00,10.401971587154701
2025-03-02 04:00,5.944050491269389
2025-03-02 05:00,6.2940429020825395
2025-03-02 06:00,6.61854697393856
2025-03-02 07:00,9.843700535277698
2025-03-02 08:00,6.8676087571702595
2025-03-02 09:00,7.083596100823161
2025-03-02 10:00,7.15750164361368
2025-03-02 11:00,5.487321328740707
2025-03-02 12:00,4.979713336354035
2025-03-02 13:00,6.23834754227844
2025-03-02 14:00,6.994203834615774
2025-03-02 15:00,9.765119342261535
2025-03-02 16:00,10.034013548730456
2025-03-02 17:00,9.667113594664176
2025-03-02 18:00,12.18235640234808
2025-03-02 19:00,15.600815263664257
2025-03-02 20:00,25.59595636504683
2025-03-02 21:00,26.24853310155524
2025-03-02 22:00,19.621579889921044
2025-03-02 23:00,37.02230471146772
2025-03-03 00:00,35.4005626872266
2025-03-03 01:00,46.356562957641806
2025-03-03 02:00,46.384820222738284
2025-03-03 03:00,49.72560405110256
2025-03-03 04:00,48.80067204309673
2025-03-03 05:00,46.02395136656924
2025-03-03 06:00,37.163497964001714
2025-03-03 07:00,37.9317823196066
2025-03-03 08:00,39.48828958571857
2025-03-03 09:00,45.607881588715024
2025-03-03 10:00,37.71757501792594
2025-03-03 11:00,29.839213457299426
2025-03-03 12:00,30.913418489460653
2025-03-03 13:00,32.55995531477836
2025-03-03 14:00,26.80307566046408
2025-03-03 15:00,25.207812066675004
2025-03-03 16:00,25.23020677762633
2025-03-03 17:00,26.01693797116474
2025-03-03 18:00,24.910396372198925
2025-03-03 19:00,25.585175116339148
2025-03-03 20:00,26.0542100048853
2025-03-03 21:00,23.66509523891269
2025-03-03 22:00,25.83382877740884
2025-03-03 23:00,25.821386805989704
2025-03-04 00:00,24.556429318235786
2025-03-04 01:00,21.130163067006492
2025-03-04 02:00,21.438811439411232
2025-03-04 03:00,30.14108053413591
2025-03-04 04:00,36.93953543612737
2025-03-04 05:00,24.51917196559821
2025-03-04 06:00,38.95181582213551
2025-03-04 07:00,31.045267632840023
2025-03-04 08:00,28.329659357245347
2025-03-04 09:00,29.028219702116914
2025-03-04 10:00,24.11319741411943
2025-03-04 11:00,17.480295325039222
2025-03-04 12:00,25.322820272429333
2025-03-04 13:00,23.003560286283342
2025-03-04 14:00,21.7979337254614
2025-03-04 15:00,17.38316755487633
2025-03-04 16:00,21.714428318164842
2025-03-04 17:00,18.521463551339238
2025-03-04 18:00,26.298569908109755
2025-03-04 19:00,25.71945937726652
2025-03-04 20:00,29.623962696209556
2025-03-04 21:00,29.456007671707518
2025-03-04 22:00,19.809234723824137
2025-03-04 23:00,17.869432965156264
2025-03-05 00:00,6.793893655793417
2025-03-05 01:00,7.2823730813056375
2025-03-05 02:00,10.207315735004578
2025-03-05 03:00,9.942984446612947
2025-03-05 04:00,8.412651195639299
2025-03-05 05:00,7.034400019882
2025-03-05 06:00,5.594934582162207
2025-03-05 07:00,6.387740730908108
2025-03-05 08:00,6.1561858091855175
2025-03-05 09:00,5.024099381091679
2025-03-05 10:00,3.277398445226526
2025-03-05 11:00,3.721295932496058
2025-03-05 12:00,6.110014882993857
2025-03-05 13:00,8.934465372089358
2025-03-05 14:00,11.343861491719998
2025-03-05 15:00,14.023624012255418
2025-03-05 16:00,12.104786397555657
2025-03-05 17:00,13.237543652411095
2025-03-05 18:00,9.842537072219642
2025-03-05 19:00,15.064784319357862
2025-03-05 20:00,20.031636793390124
2025-03-05 21:00,37.25360923117483
2025-03-05 22:00,26.52972267695594
2025-03-05 23:00,24.68101412987759
2025-03-06 00:00,21.488827559268337
2025-03-06 01:00,21.839442270081747
2025-03-06 02:00,13.949803546017066
2025-03-06 03:00,17.508457590363577
2025-03-06 04:00,14.01560551069662
2025-03-06 05:00,9.384885617652776
2025-03-06 06:00,7.947209902557795
2025-03-06 07:00,9.385804347423601
2025-03-06 08:00,2.303793349964334
2025-03-06 09:00,3.7274496080427
2025-03-06 10:00,4.326000288788119
2025-03-06 11:00,14.075119782623931
2025-03-06 12:00,23.64218438943439
2025-03-06 13:00,26.44123383086834
2025-03-06 14:00,33.90064171600745
2025-03-06 15:00,35.562733681665726
2025-03-06 16:00,31.36311228626596
2025-03-06 17:00,24.25288834439246
2025-03-06 18:00,24.470776587553793
2025-03-06 19:00,14.331066581881432
2025-03-06 20:00,8.98907307751863
2025-03-06 21:00,6.1935866417778165
2025-03-06 22:00,3.7431814830634695
2025-03-06 23:00,2.4281816395599005
2025-03-07 00:00,2.328933782599664
2025-03-07 01:00,2.0043268216331365
2025-03-07 02:00,2.3169468947870544
2025-03-07 03:00,0.7138493666658916
2025-03-07 04:00,4.608329311234495
2025-03-07 05:00,1.748269836766068
2025-03-07 06:00,0.658791889874516
2025-03-07 07:00,0.0
2025-03-07 08:00,0.03670691705388929
2025-03-07 09:00,0.0
2025-03-07 10:00,0.0
2025-03-07 11:00,0.0
2025-03-07 12:00,0.0
2025-03-07 13:00,0.8179300328181007
2025-03-07 14:00,1.2691142969961828
2025-03-07 15:00,2.4563466382060493
2025-03-07 16:00,5.427387585044379
2025-03-07 17:00,10.033064970146546
2025-03-07 18:00,5.612373682663
2025-03-07 19:00,1.966867570396683
2025-03-07 20:00,1.1732712349031056
2025-03-07 21:00,1.3755749792657355
2025-03-07 22:00,0.5486051217615452
2025-03-07 23:00,0.0016888740293488635
2025-03-08 00:00,0.2924698001052686
2025-03-08 01:00,0.8609087118244652
2025-03-08 02:00,0.6459870906447178
2025-03-08 03:00,1.8265593551313914
2025-03-08 04:00,1.6717373999802425
2025-03-08 05:00,3.189584630704863
2025-03-08 06:00,3.3538153758931597
2025-03-08 07:00,2.5198594670464045
2025-03-08 08:00,0.7611301837917588
2025-03-08 09:00,0.4556963570929683
2025-03-08 10:00,0.6803441128524228
2025-03-08 11:00,0.4711317549543159
2025-03-08 12:00,0.0
2025-03-08 13:00,1.0756913548195413
2025-03-08 14:00,2.5992565369294316
2025-03-08 15:00,3.2619338419432578
2025-03-08 16:00,4.427281575072701
2025-03-08 17:00,4.52638863562283
2025-03-08 18:00,2.391106859471035
2025-03-08 19:00,0.16171995969051312
2025-03-08 20:00,0.9736300803384452
2025-03-08 21:00,0.957081421838573
2025-03-08 22:00,1.6285768531124338
2025-03-08 23:00,0.016708374543963234
2025-03-09 00:00,2.815707466996642
2025-03-09 01:00,3.210933253496688
2025-03-09 02:00,2.3254841529900054
2025-03-09 03:00,2.936302989150589
2025-03-09 04:00,3.088226131057354
2025-03-09 05:00,3.103138622401272
2025-03-09 06:00,3.487975250818227
2025-03-09 07:00,3.0325609060892704
2025-03-09 08:00,0.9990275629411747
2025-03-09 09:00,1.097786954886789
2025-03-09 10:00,0.8584248100645511
2025-03-09 11:00,1.8727767937142743
2025-03-09 12:00,3.106089764262067
2025-03-09 13:00,4.844524674383321
2025-03-09 14:00,6.130678224526587
2025-03-09 15:00,5.969106462758601
2025-03-09 16:00,6.9230711365214805
2025-03-09 17:00,7.193201081766338
2025-03-09 18:00,3.927753751560878
2025-03-09 19:00,1.4653048573013034
2025-03-09 20:00,1.1069184169641497
2025-03-09 21:00,0.3505868651289268
2025-03-09 22:00,1.2242747929040416
2025-03-09 23:00,0.0
2025-03-10 00:00,0.0
2025-03-10 01:00,0.10834026739047897
2025-03-10 02:00,0.8116775918800905
2025-03-10 03:00,0.0
2025-03-10 04:00,1.4197644602089299
2025-03-10 05:00,1.488732737090167
2025-03-10 06:00,2.640817708317601
2025-03-10 07:00,1.4075140653868812
2025-03-10 08:00,0.43208430772592443
2025-03-10 09:00,1.0764012599532877
2025-03-10 10:00,1.223298110882464
2025-03-10 11:00,1.9320998833964382
2025-03-10 12:00,2.6802877115826855
2025-03-10 13:00,1.3685227158280278
2025-03-10 14:00,1.2656915155033783
2025-03-10 15:00,1.7627413922332855
2025-03-10 16:00,2.231925355128633
2025-03-10 17:00,2.3732096964112963
2025-03-10 18:00,1.8417496795495327
2025-03-10 19:00,0.8869985317469293
2025-03-10 20:00,0.21510437012224382
2025-03-10 21:00,0.3187113185220479
2025-03-10 22:00,0.9448617404803661
2025-03-10 23:00,0.3122141672676233
2025-03-11 00:00,0.3834337051352552
2025-03-11 01:00,0.45714140337519216
2025-03-11 02:00,2.116664419590598
2025-03-11 03:00,2.785074487213923
2025-03-11 04:00,1.07454049039113
2025-03-11 05:00,1.5169983121758357
2025-03-11 06:00,12.36505732003273
2025-03-11 07:00,13.139614668107932
2025-03-11 08:00,1.9548059582799624
2025-03-11 09:00,1.4851630733849372
2025-03-11 10:00,0.30918966443437546
2025-03-11 11:00,0.31948919586593705
2025-03-11 12:00,0.3130571083931908
2025-03-11 13:00,0.01751799732473147
2025-03-11 14:00,0.7546863537699768
2025-03-11 15:00,1.2901561658622254
2025-03-11 16:00,2.07063559815732
2025-03-11 17:00,2.5438520923556194
2025-03-11 18:00,3.784244800369827
2025-03-11 19:00,4.330902466155067
2025-03-11 20:00,4.090172641623772
2025-03-11 21:00,2.9669228609956106
2025-03-11 22:00,5.43082541508589
2025-03-11 23:00,1.0866996061091914
2025-03-12 00:00,0.278502190559033
2025-03-12 01:00,0.7922796384732027
2025-03-12 02:00,5.549991480607995
2025-03-12 03:00,2.3497667984854393
2025-03-12 04:00,3.6144667309363974
2025-03-12 05:00,6.52823149946922
2025-03-12 06:00,1.2534384551373108
2025-03-12 07:00,2.200253330539776
2025-03-12 08:00,2.1677177291755907
2025-03-12 09:00,2.418291625224057
2025-03-12 10:00,1.1400856484025312
2025-03-12 11:00,1.440772158594801
2025-03-12 12:00,1.1846485891616858
2025-03-12 13:00,2.82360212242351
2025-03-12 14:00,4.785045823605191
2025-03-12 15:00,5.440637505774559
2025-03-12 16:00,5.1847119843168645
2025-03-12 17:00,4.774229513828592
2025-03-12 18:00,6.9200452793159055
2025-03-12 19:00,9.074520657363923
2025-03-12 20:00,17.99831740289047
2025-03-12 21:00,12.86887360808741
2025-03-12 22:00,6.517808784041668
2025-03-12 23:00,13.593644358989962
2025-03-13 00:00,17.80301207546525
2025-03-13 01:00,14.716119152349291
2025-03-13 02:00,17.96261957353456
2025-03-13 03:00,11.233447251732665
2025-03-13 04:00,9.86324154014414
2025-03-13 05:00,16.460067691611716
2025-03-13 06:00,26.036963844696217
2025-03-13 07:00,15.837369662119723
2025-03-13 08:00,10.435566096430563
2025-03-13 09:00,12.041204848970704
2025-03-13 10:00,19.510177349758386
2025-03-13 11:00,25.955139631336692
2025-03-13 12:00,30.031767622175927
2025-03-13 13:00,32.8597286063441
2025-03-13 14:00,33.37258406673763
2025-03-13 15:00,32.25274244809935
2025-03-13 16:00,32.035354960998
2025-03-13 17:00,35.195837575195235
2025-03-13 18:00,29.37246542050074
2025-03-13 19:00,30.40519358693952
2025-03-13 20:00,25.326420922362594
2025-03-13 21:00,35.64754633343579
2025-03-13 22:00,30.63874145128197
2025-03-13 23:00,9.560676333747605
2025-03-14 00:00,6.282760152352552
2025-03-14 01:00,3.430301354680544
2025-03-14 02:00,3.9427191366466734
2025-03-14 03:00,6.498937235228947
2025-03-14 04:00,13.041158619877823
2025-03-14 05:00,13.023681143409618
2025-03-14 06:00,9.96701450509634
2025-03-14 07:00,13.248592658077431
2025-03-14 08:00,6.68784562942562
2025-03-14 09:00,4.406233185398394
2025-03-14 10:00,2.9546563336766334
2025-03-14 11:00,2.5248513777524138
2025-03-14 12:00,3.0749141399239606
2025-03-14 13:00,2.5027935979760785
2025-03-14 14:00,3.4548194187132135
2025-03-14 15:00,9.331993019678412
2025-03-14 16:00,14.420374424244422
2025-03-14 17:00,17.212637772776016
2025-03-14 18:00,7.935570090850472
2025-03-14 19:00,7.297294948039449
2025-03-14 20:00,15.16116629293725
2025-03-14 21:00,4.031790076816847
2025-03-14 22:00,6.512484491702573
2025-03-14 23:00,4.147271643873321
2025-03-15 00:00,12.04676145683389
2025-03-15 01:00,9.68392837992183
2025-03-15 02:00,5.842548764157277
2025-03-15 03:00,8.73043046224905
2025-03-15 04:00,10.385135218517142
2025-03-15 05:00,10.883902496563167
2025-03-15 06:00,9.251927812723967
2025-03-15 07:00,9.496214391678885
2025-03-15 08:00,11.965506034149339
2025-03-15 09:00,25.312443160612695
2025-03-15 10:00,17.999365273108886
2025-03-15 11:00,15.2741181306775
2025-03-15 12:00,10.146286656393293
2025-03-15 13:00,11.134724494553094
2025-03-15 14:00,5.499317390517028
2025-03-15 15:00,7.135171477915174
2025-03-15 16:00,8.264497038229035
2025-03-15 17:00,4.387967435786226
2025-03-15 18:00,7.680273109125469
2025-03-15 19:00,8.978010198935625
2025-03-15 20:00,6.317215267581862
2025-03-15 21:00,9.638006583211467
2025-03-15 22:00,10.607738864479384
2025-03-15 23:00,8.880794970205738
2025-03-16 00:00,12.382974112553756
2025-03-16 01:00,9.512905377880625
2025-03-16 02:00,7.757699767471154
2025-03-16 03:00,9.43841267866837
2025-03-16 04:00,10.226000459017019
2025-03-16 05:00,9.124595693725565
2025-03-16 06:00,12.097494990384497
2025-03-16 07:00,5.422759414041929
2025-03-16 08:00,2.637768784823883
2025-03-16 09:00,6.253184940312121
2025-03-16 10:00,19.48251929947058
2025-03-16 11:00,19.54842349852958
2025-03-16 12:00,29.653328440139838
2025-03-16 13:00,37.457667373241755
2025-03-16 14:00,46.8462737666571
2025-03-16 15:00,51.201997900022356
2025-03-16 16:00,53.54457618458215
2025-03-16 17:00,55.70332310261181
2025-03-16 18:00,55.73953461490917
2025-03-16 19:00,55.00182128728947
2025-03-16 20:00,54.71135452075302
2025-03-16 21:00,55.605040353531344
2025-03-16 22:00,54.27682946279821
2025-03-16 23:00,54.095823665240395
2025-03-17 00:00,53.68229680287754
2025-03-17 01:00,55.31658467054064
2025-03-17 02:00,54.74506738823996
2025-03-17 03:00,54.9749497088896
2025-03-17 04:00,55.967500423845514
2025-03-17 05:00,57.09250097288196
2025-03-17 06:00,53.384662713455306
2025-03-17 07:00,43.31611184529912
2025-03-17 08:00,44.77897417143686
2025-03-17 09:00,38.3546867706634
2025-03-17 10:00,31.45922736304015
2025-03-17 11:00,23.130765199202315
2025-03-17 12:00,23.489331554293308
2025-03-17 13:00,21.441956900219555
2025-03-17 14:00,15.873567481675227
2025-03-17 15:00,13.73413387958604
2025-03-17 16:00,7.4606600835986505
2025-03-17 17:00,8.545267482192985
2025-03-17 18:00,5.026951856073557
2025-03-17 19:00,3.742829864579899
2025-03-17 20:00,4.947935263519861
2025-03-17 21:00,9.428788527523503
2025-03-17 22:00,16.51236641479021
2025-03-17 23:00,26.869683737331847
2025-03-18 00:00,39.73062519381073
2025-03-18 01:00,44.96320929933811
2025-03-18 02:00,26.45395018310895
2025-03-18 03:00,27.21393183319287
2025-03-18 04:00,44.21134216867082
2025-03-18 05:00,38.62277304848053
2025-03-18 06:00,44.35081505263021
2025-03-18 07:00,48.82437676649868
2025-03-18 08:00,52.11887553467065
2025-03-18 09:00,54.48636989164037
2025-03-18 10:00,54.616334940224775
2025-03-18 11:00,54.20160499708259
2025-03-18 12:00,55.3030482593602
2025-03-18 13:00,55.175046475607225
2025-03-18 14:00,55.3044910117701
2025-03-18 15:00,55.472258739815494
2025-03-18 16:00,56.03487084729122
2025-03-18 17:00,57.780234356125376
2025-03-18 18:00,57.36976027881983
2025-03-18 19:00,54.780750012365004
2025-03-18 20:00,51.39376619330822
2025-03-18 21:00,45.353092613819776
2025-03-18 22:00,40.975904865147214
2025-03-18 23:00,41.41296920469613
2025-03-19 00:00,38.90685728635669
2025-03-19 01:00,27.72715374090664
2025-03-19 02:00,18.316292019012163
2025-03-19 03:00,19.713121344580564
2025-03-19 04:00,16.937910047129602
2025-03-19 05:00,8.193914685822724
2025-03-19 06:00,7.23083971287334
2025-03-19 07:00,5.560915271828854
2025-03-19 08:00,3.1561378264262023
2025-03-19 09:00,14.933679269294172
2025-03-19 10:00,16.738120408665267
2025-03-19 11:00,14.052629542198215
2025-03-19 12:00,10.590474042025086
2025-03-19 13:00,11.273238301249934
2025-03-19 14:00,14.504405059908485
2025-03-19 15:00,9.690751480165549
2025-03-19 16:00,7.2496952554580645
2025-03-19 17:00,8.536970886576974
2025-03-19 18:00,8.590001184009564
2025-03-19 19:00,4.167359734705814
2025-03-19 20:00,3.5667452289849817
2025-03-19 21:00,3.120005739777948
2025-03-19 22:00,3.6955326848618903
2025-03-19 23:00,2.1436222137121677
2025-03-20 00:00,6.188741370602811
2025-03-20 01:00,7.014391044360551
2025-03-20 02:00,13.61519592101894
2025-03-20 03:00,24.498823818817
2025-03-20 04:00,17.711144549895444
2025-03-20 05:00,20.126309601334732
2025-03-20 06:00,29.93998047060257
2025-03-20 07:00,33.494763613739494
2025-03-20 08:00,36.10451183598109
2025-03-20 09:00,38.76438542859899
2025-03-20 10:00,40.68512153316772
2025-03-20 11:00,31.84074962011006
2025-03-20 12:00,31.73489483305645
2025-03-20 13:00,30.623799586450353
2025-03-20 14:00,31.137434182162565
2025-03-20 15:00,32.19380418204189
2025-03-20 16:00,32.088497655365856
2025-03-20 17:00,30.365020797857042
2025-03-20 18:00,28.342153676111494
2025-03-20 19:00,30.000501634737432
2025-03-20 20:00,31.44881212909496
2025-03-20 21:00,28.585106061471617
2025-03-20 22:00,28.33128306625056
2025-03-20 23:00,34.00051258626354
2025-03-21 00:00,35.26877710003388
2025-03-21 01:00,33.738211314590906
2025-03-21 02:00,30.34538762354365
2025-03-21 03:00,22.59970058462639
2025-03-21 04:00,26.591961830004408
2025-03-21 05:00,35.083729357155256
2025-03-21 06:00,35.51657861365605
2025-03-21 07:00,34.36850879144679
2025-03-21 08:00,34.3334709146034
2025-03-21 09:00,32.956784534588934
2025-03-21 10:00,23.745443456584482
2025-03-21 11:00,19.681170352601242
2025-03-21 12:00,19.56649652008614
2025-03-21 13:00,13.737717139513727
2025-03-21 14:00,13.933389616212857
2025-03-21 15:00,16.583417659832612
2025-03-21 16:00,12.13266957607092
2025-03-21 17:00,8.00729793392756
2025-03-21 18:00,5.213537144720135
2025-03-21 19:00,6.369400962724381
2025-03-21 20:00,5.32034505883902
2025-03-21 21:00,4.1846858275395
2025-03-21 22:00,3.4129975785836772
2025-03-21 23:00,8.747846842808043
2025-03-22 00:00,33.21664415459066
2025-03-22 01:00,22.87166900975876
2025-03-22 02:00,25.285503440125666
2025-03-22 03:00,30.409215472766462
2025-03-22 04:00,31.573712513482754
2025-03-22 05:00,33.07329042119737
2025-03-22 06:00,36.79637449638866
2025-03-22 07:00,38.833620696567145
2025-03-22 08:00,29.78440055311462
2025-03-22 09:00,23.86979008852378
2025-03-22 10:00,23.545273414653177
2025-03-22 11:00,20.144644203923917
2025-03-22 12:00,30.67875793386756
2025-03-22 13:00,22.515745970789716
2025-03-22 14:00,23.2044020314031
2025-03-22 15:00,22.630638066843623
2025-03-22 16:00,23.796588688996316
2025-03-22 17:00,24.950522332124343
2025-03-22 18:00,18.46229209623435
2025-03-22 19:00,13.70470230987748
2025-03-22 20:00,18.849815382956585
2025-03-22 21:00,18.452929659372053
2025-03-22 22:00,9.84809869387142
2025-03-22 23:00,17.400730607121943
2025-03-23 00:00,26.813658185213413
2025-03-23 01:00,39.32204387431479
2025-03-23 02:00,31.044476760778466
2025-03-23 03:00,29.65712454609475
2025-03-23 04:00,33.6595524270403
2025-03-23 05:00,31.025720896218786
2025-03-23 06:00,22.58499326339843
2025-03-23 07:00,15.171980978496968
2025-03-23 08:00,18.090912947783952
2025-03-23 09:00,21.91343342483704
2025-03-23 10:00,24.44975913764821
2025-03-23 11:00,18.611271147845667
2025-03-23 12:00,16.733000693609654
2025-03-23 13:00,21.858356040990575
2025-03-23 14:00,17.038896898792615
2025-03-23 15:00,29.164306780935874
2025-03-23 16:00,31.1146048752963
2025-03-23 17:00,32.67378266957045
2025-03-23 18:00,32.497661531205274
2025-03-23 19:00,26.68725220396358
2025-03-23 20:00,19.183673017235776
2025-03-23 21:00,21.681389845639213
2025-03-23 22:00,21.86066578117748
2025-03-23 23:00,24.16296943734437
2025-03-24 00:00,20.764806857605006
2025-03-24 01:00,23.85217883801717
2025-03-24 02:00,38.89583211827986
2025-03-24 03:00,45.060402031319406
2025-03-24 04:00,47.45346438527459
2025-03-24 05:00,44.154482812414145
2025-03-24 06:00,49.80617444239822
2025-03-24 07:00,46.06161882791072
2025-03-24 08:00,53.21917227449761
2025-03-24 09:00,58.29320319248665
2025-03-24 10:00,56.24743346436784
2025-03-24 11:00,54.2771164602368
2025-03-24 12:00,53.626133853836116
2025-03-24 13:00,52.77214351937497
2025-03-24 14:00,52.24520975914925
2025-03-24 15:00,50.979099497376644
2025-03-24 16:00,50.674288079350085
2025-03-24 17:00,47.45644863482172
2025-03-24 18:00,47.352233436511874
2025-03-24 19:00,48.12428845241113
2025-03-24 20:00,43.667636896409654
2025-03-24 21:00,37.507426371345694
2025-03-24 22:00,28.69833781345053
2025-03-24 23:00,30.535028267402822
2025-03-25 00:00,31.635091204623215
2025-03-25 01:00,19.99429394309187
2025-03-25 02:00,23.626004626673343
2025-03-25 03:00,23.582960763079775
2025-03-25 04:00,17.559985329892022
2025-03-25 05:00,15.677877070770244
2025-03-25 06:00,19.37324140140406
2025-03-25 07:00,21.328243728637837
2025-03-25 08:00,24.218076224926726
2025-03-25 09:00,24.869011836331097
2025-03-25 10:00,22.992570979731912
2025-03-25 11:00,38.463678945354864
2025-03-25 12:00,51.73646193380211
2025-03-25 13:00,54.751492745159815
2025-03-25 14:00,55.59914644313894
2025-03-25 15:00,53.04274018817295
2025-03-25 16:00,51.526354271325
2025-03-25 17:00,43.87452603675357
2025-03-25 18:00,34.135350059263395
2025-03-25 19:00,21.85855859871188
2025-03-25 20:00,15.043183720149717
2025-03-25 21:00,13.016321571429614
2025-03-25 22:00,13.875837317039021
2025-03-25 23:00,13.378586151275126
2025-03-26 00:00,14.308472406749143
2025-03-26 01:00,13.016596190783524
2025-03-26 02:00,13.227027185907602
2025-03-26 03:00,14.010543495622386
2025-03-26 04:00,13.682366005298405
2025-03-26 05:00,9.877265490729782
2025-03-26 06:00,14.759033086574025
2025-03-26 07:00,15.387522271816103
2025-03-26 08:00,9.255018218106095
2025-03-26 09:00,13.212954999201436
2025-03-26 10:00,15.495276552931667
2025-03-26 11:00,13.637223593567143
2025-03-26 12:00,13.48508285043847
2025-03-26 13:00,20.39166405663352
2025-03-26 14:00,15.281788410462612
2025-03-26 15:00,15.15316479520353
2025-03-26 16:00,21.952199053638118
2025-03-26 17:00,19.646094042251555
2025-03-26 18:00,18.26373074149463
2025-03-26 19:00,25.769707423906613
2025-03-26 20:00,34.74262057114205
2025-03-26 21:00,42.10215739862003
2025-03-26 22:00,48.8945407081657
2025-03-26 23:00,49.40615140856289
2025-03-27 00:00,52.18380282635655
2025-03-27 01:00,52.34267904534911
2025-03-27 02:00,53.280075437180294
2025-03-27 03:00,56.02365984678172
2025-03-27 04:00,55.609398999696985
2025-03-27 05:00,54.26859044623624
2025-03-27 06:00,47.14786626416646
2025-03-27 07:00,50.59509175681715
2025-03-27 08:00,51.662373995658115
2025-03-27 09:00,45.588610553717935
2025-03-27 10:00,32.82416120447291
2025-03-27 11:00,29.761453471326583
2025-03-27 12:00,21.19995120338239
2025-03-27 13:00,12.680042389599198
2025-03-27 14:00,16.289875552801277
2025-03-27 15:00,25.10305418360958
2025-03-27 16:00,22.87483415989186
2025-03-27 17:00,49.28690425931054
2025-03-27 18:00,51.29390015543573
2025-03-27 19:00,41.21712848978927
2025-03-27 20:00,28.23283707316487
2025-03-27 21:00,32.107732132925356
2025-03-27 22:00,30.090323954399395
2025-03-27 23:00,38.36678723493117
2025-03-28 00:00,43.896804468250885
2025-03-28 01:00,49.66940241923483
2025-03-28 02:00,44.714204063433264
2025-03-28 03:00,38.44430413608335
2025-03-28 04:00,43.016878005987856
2025-03-28 05:00,43.529836631119174
2025-03-28 06:00,42.40273981982937
2025-03-28 07:00,39.283537591606525
2025-03-28 08:00,48.73000531409329
2025-03-28 09:00,48.83551430817345
2025-03-28 10:00,52.218311274495484
2025-03-28 11:00,50.350615125416546
2025-03-28 12:00,51.42922437047344
2025-03-28 13:00,52.74356714464305
2025-03-28 14:00,53.41649532036841
2025-03-28 15:00,51.47087215335328
2025-03-28 16:00,52.85631867505757
2025-03-28 17:00,54.11970360536764
2025-03-28 18:00,55.75065508303884
2025-03-28 19:00,55.717709527014115
2025-03-28 20:00,53.54728758033413
2025-03-28 21:00,51.13419408870357
2025-03-28 22:00,47.70524152189581
2025-03-28 23:00,44.80999538651252
2025-03-29 00:00,19.0994642758875
2025-03-29 01:00,11.771332379223967
2025-03-29 02:00,9.092978394375656
2025-03-29 03:00,10.070816818408789
2025-03-29 04:00,10.92262800808663
2025-03-29 05:00,23.22750433364834
2025-03-29 06:00,19.969157050450118
2025-03-29 07:00,11.205732251121386
2025-03-29 08:00,12.085499715987048
2025-03-29 09:00,9.226876447280057
2025-03-29 10:00,4.235369670397768
2025-03-29 11:00,4.921333730603873
2025-03-29 12:00,5.734238278135395
2025-03-29 13:00,6.10865757660139
2025-03-29 14:00,37.622462575449006
2025-03-29 15:00,34.07064932354352
2025-03-29 16:00,45.02995374086036
2025-03-29 17:00,52.142913008381754
2025-03-29 18:00,53.066810359404975
2025-03-29 19:00,50.0024681935724
2025-03-29 20:00,47.930166219770264
2025-03-29 21:00,42.513245842464805
2025-03-29 22:00,36.341458087002906
2025-03-29 23:00,28.354040000281252
2025-03-30 00:00,21.742643786576938
2025-03-30 01:00,15.581086928999852
2025-03-30 02:00,8.291623187021527
2025-03-30 03:00,3.51866593507098
2025-03-30 04:00,4.159733761033083
2025-03-30 05:00,6.503310632698627
2025-03-30 06:00,7.510685079202531
2025-03-30 07:00,7.761811939147455
2025-03-30 08:00,15.977263948817832
2025-03-30 09:00,15.618285397726064
2025-03-30 10:00,22.040778608920867
2025-03-30 11:00,15.170489412567228
2025-03-30 12:00,10.88457884714186
2025-03-30 13:00,12.77816390161177
2025-03-30 14:00,10.618633228506239
2025-03-30 15:00,9.368559491532245
2025-03-30 16:00,9.197204921551045
2025-03-30 17:00,11.119328637319752
2025-03-30 18:00,11.928082626752662
2025-03-30 19:00,8.83638947234109
2025-03-30 20:00,8.780196261304077
2025-03-30 21:00,7.229982667704935
2025-03-30 22:00,9.832699939379358
2025-03-30 23:00,8.650831467173326
2025-03-31 00:00,1.435700194083393
2025-03-31 01:00,1.9525043020661799
2025-03-31 02:00,2.5800967162971906
2025-03-31 03:00,1.9327480537913302
2025-03-31 04:00,3.797964966383129
2025-03-31 05:00,4.111394797832936
2025-03-31 06:00,4.368344182275582
2025-03-31 07:00,1.8248660763872873
2025-03-31 08:00,5.0492597031216135
2025-03-31 09:00,6.509882688038346
2025-03-31 10:00,1.0805921777608667
2025-03-31 11:00,0.13328672537389513
2025-03-31 12:00,0.7893922107079041
2025-03-31 13:00,0.07932125739717266
2025-03-31 14:00,0.20465883586461553
2025-03-31 15:00,0.2279388729622247
2025-03-31 16:00,0.16544174721309957
2025-03-31 17:00,0.9907565325125709
2025-03-31 18:00,1.0138031950770423
2025-03-31 19:00,2.4686218938724465
2025-03-31 20:00,2.824095204295709
2025-03-31 21:00,0.6771111568168082
2025-03-31 22:00,0.9305175879195087
2025-03-31 23:00,1.1105438830361494
2025-04-01 00:00,1.370571199828204
2025-04-01 01:00,2.0744360837504923
2025-04-01 02:00,1.4302321192786254
2025-04-01 03:00,0.48419952134172817
2025-04-01 04:00,1.6345054589862138
2025-04-01 05:00,2.930933744089303
2025-04-01 06:00,4.608320529708861
2025-04-01 07:00,0.6888664419945851
2025-04-01 08:00,0.0
2025-04-01 09:00,0.4869364613880741
2025-04-01 10:00,0.0
2025-04-01 11:00,2.8216014365054436
2025-04-01 12:00,2.758478175648373
2025-04-01 13:00,3.6463471032669363
2025-04-01 14:00,5.29713841507469
2025-04-01 15:00,5.294073002177393
2025-04-01 16:00,5.351087532352077
2025-04-01 17:00,6.336573050814264
2025-04-01 18:00,5.792215401572076
2025-04-01 19:00,4.950254781359089
2025-04-01 20:00,1.6612525951184471
2025-04-01 21:00,2.53142596475583
2025-04-01 22:00,0.9907897554009235
2025-04-01 23:00,0.21450456765016124
2025-04-02 00:00,0.47588264621366383
2025-04-02 01:00,0.0
2025-04-02 02:00,0.0
2025-04-02 03:00,1.20100166924991
2025-04-02 04:00,2.100101498159471
2025-04-02 05:00,3.222253979184543
2025-04-02 06:00,3.90713424370476
2025-04-02 07:00,3.7879445456714627
2025-04-02 08:00,0.20321757268784268
2025-04-02 09:00,0.06535783039242027
2025-04-02 10:00,0.25020531947723534
2025-04-02 11:00,3.095232195391477
2025-04-02 12:00,10.16864803334121
2025-04-02 13:00,5.7464751879933065
2025-04-02 14:00,8.928093863740916
2025-04-02 15:00,3.3844102838146948
2025-04-02 16:00,5.860347789142661
2025-04-02 17:00,11.286992108178616
2025-04-02 18:00,12.814830759461287
2025-04-02 19:00,19.17828612194129
2025-04-02 20:00,8.525250476263281
2025-04-02 21:00,8.167397558655384
2025-04-02 22:00,4.872413877495845
2025-04-02 23:00,6.324975016376664
2025-04-03 00:00,1.945594406367393
2025-04-03 01:00,7.392704966198785
2025-04-03 02:00,10.138896703565962
2025-04-03 03:00,10.574902064965586
2025-04-03 04:00,7.873972672261914
2025-04-03 05:00,5.3220545430528166
2025-04-03 06:00,7.5030434161654345
2025-04-03 07:00,4.905386686154872
2025-04-03 08:00,3.2621148811280603
2025-04-03 09:00,1.8339434045260186
2025-04-03 10:00,0.1877971551615023
2025-04-03 11:00,0.0
2025-04-03 12:00,0.0
2025-04-03 13:00,1.6183085601844374
2025-04-03 14:00,5.807467910157133
2025-04-03 15:00,8.583209542982685
2025-04-03 16:00,16.60687365623486
2025-04-03 17:00,19.15592573002607
2025-04-03 18:00,14.040177000967468
2025-04-03 19:00,8.59584257459431
2025-04-03 20:00,2.87111101723733
2025-04-03 21:00,3.451418833753594
2025-04-03 22:00,2.812710634919165
2025-04-03 23:00,0.5427979031759316
2025-04-04 00:00,0.0
2025-04-04 01:00,0.5746168060171559
2025-04-04 02:00,0.808226570604845
2025-04-04 03:00,0.7813474491923422
2025-04-04 04:00,0.5446640060815741
2025-04-04 05:00,0.6578471634590595
2025-04-04 06:00,0.5458345265760959
2025-04-04 07:00,0.43509162747658725
2025-04-04 08:00,0.7080319511168338
2025-04-04 09:00,0.0
2025-04-04 10:00,0.0
2025-04-04 11:00,2.8921328808953963
2025-04-04 12:00,2.9331323050118137
2025-04-04 13:00,11.15677346252655
2025-04-04 14:00,12.458798309007799
2025-04-04 15:00,9.168632486600924
2025-04-04 16:00,10.30186299645926
2025-04-04 17:00,1.5448311459849815
2025-04-04 18:00,3.614091185380795
2025-04-04 19:00,2.496724544157999
2025-04-04 20:00,1.285315386602167
2025-04-04 21:00,0.4555070316682065
2025-04-04 22:00,1.5836599853076394
2025-04-04 23:00,2.175871439839871
2025-04-05 00:00,1.976458333483977
2025-04-05 01:00,2.7771206091612664
2025-04-05 02:00,3.726200961043158
2025-04-05 03:00,2.9423756181570293
2025-04-05 04:00,0.9694043771213909
2025-04-05 05:00,3.5209578804673214
2025-04-05 06:00,4.206345524852891
2025-04-05 07:00,8.073246478354857
2025-04-05 08:00,32.86413614239389
2025-04-05 09:00,35.497194836997764
2025-04-05 10:00,35.97592973744275
2025-04-05 11:00,34.84190309157777
2025-04-05 12:00,50.62275766597604
2025-04-05 13:00,53.16184759520909
2025-04-05 14:00,48.26259289226433
2025-04-05 15:00,38.00417857889959
2025-04-05 16:00,34.43546804559178
2025-04-05 17:00,27.267964160234328
2025-04-05 18:00,23.262518494314882
2025-04-05 19:00,28.380358740684084
2025-04-05 20:00,12.441426856311356
2025-04-05 21:00,6.811841235692132
2025-04-05 22:00,5.49634079616523
2025-04-05 23:00,2.4103047828793627
2025-04-06 00:00,12.102827699562468
2025-04-06 01:00,16.272686337682583
2025-04-06 02:00,10.923954409088743
2025-04-06 03:00,6.037730831188794
2025-04-06 04:00,6.561904261473352
2025-04-06 05:00,3.9086508523372383
2025-04-06 06:00,0.8411540323404032
2025-04-06 07:00,0.7969706730427208
2025-04-06 08:00,3.9114850182093117
2025-04-06 09:00,5.067996280584339
2025-04-06 10:00,5.460746665733122
2025-04-06 11:00,6.955640139709503
2025-04-06 12:00,14.780916246233229
2025-04-06 13:00,19.630914673733272
2025-04-06 14:00,18.870953813291734
2025-04-06 15:00,19.586015466376338
2025-04-06 16:00,14.862555494188843
2025-04-06 17:00,8.44216513249118
2025-04-06 18:00,11.138209700369083
2025-04-06 19:00,8.436083814698943
2025-04-06 20:00,3.375496505123374
2025-04-06 21:00,3.1997817017826233
2025-04-06 22:00,1.3361683243665803
2025-04-06 23:00,1.4466324183849137
2025-04-07 00:00,1.3131637449244677
2025-04-07 01:00,0.7636534443454179
2025-04-07 02:00,1.417037718185588
2025-04-07 03:00,4.8496874945275295
2025-04-07 04:00,3.551015788219782
2025-04-07 05:00,3.9113472828327285
2025-04-07 06:00,5.7409588159751035
2025-04-07 07:00,4.664961522498178
2025-04-07 08:00,2.7092890497218396
2025-04-07 09:00,3.0267314405059733
2025-04-07 10:00,16.115564954013447
2025-04-07 11:00,26.104723151975044
2025-04-07 12:00,35.108852966544774
2025-04-07 13:00,41.99761211849187
2025-04-07 14:00,46.97225627321219
2025-04-07 15:00,49.19996374183466
2025-04-07 16:00,46.54839610981461
2025-04-07 17:00,48.28390135851318
2025-04-07 18:00,46.16696215218114
2025-04-07 19:00,45.42612118145727
2025-04-07 20:00,43.563527827677795
2025-04-07 21:00,45.54126040887575
2025-04-07 22:00,45.135735466973635
2025-04-07 23:00,46.72159045174066
2025-04-08 00:00,53.39122435178681
2025-04-08 01:00,54.879096423892626
2025-04-08 02:00,54.67557160040655
2025-04-08 03:00,49.82226056753077
2025-04-08 04:00,29.11731632095946
2025-04-08 05:00,38.769722723558075
2025-04-08 06:00,44.635406245385845
2025-04-08 07:00,37.480351943986825
2025-04-08 08:00,40.82455747597959
2025-04-08 09:00,33.508348864446916
2025-04-08 10:00,15.288717470234577
2025-04-08 11:00,6.055301893778227
2025-04-08 12:00,4.648380448232986
2025-04-08 13:00,7.793507696884454
2025-04-08 14:00,11.590635469873916
2025-04-08 15:00,8.5966886746932
2025-04-08 16:00,8.566460476021572
2025-04-08 17:00,8.09428384988925
2025-04-08 18:00,7.4957454174762255
2025-04-08 19:00,3.7608259428548787
2025-04-08 20:00,4.4269739304327835
2025-04-08 21:00,5.177536282590001
2025-04-08 22:00,2.8371886695278223
2025-04-08 23:00,1.8920565146121153
2025-04-09 00:00,0.9744175403212272
2025-04-09 01:00,1.1538628713594514
2025-04-09 02:00,0.0
2025-04-09 03:00,1.190207458552406
2025-04-09 04:00,0.4330348478370497
2025-04-09 05:00,1.5029596066322801
2025-04-09 06:00,1.8043185013853988
2025-04-09 07:00,2.0337170906549957
2025-04-09 08:00,1.404623649289431
2025-04-09 09:00,2.8136188880404025
2025-04-09 10:00,3.889579995038908
2025-04-09 11:00,4.303317613010572
2025-04-09 12:00,5.092263961389751
2025-04-09 13:00,5.868634796116375
2025-04-09 14:00,8.026940849564053
2025-04-09 15:00,29.476051050381177
2025-04-09 16:00,16.18387692011119
2025-04-09 17:00,16.791815612111545
2025-04-09 18:00,22.898404692738843
2025-04-09 19:00,15.697817835365381
2025-04-09 20:00,13.3230445287217
2025-04-09 21:00,11.840825014860762
2025-04-09 22:00,13.560483972780375
2025-04-09 23:00,14.47798239792008
2025-04-10 00:00,10.28167394623644
2025-04-10 01:00,6.620926934768862
2025-04-10 02:00,10.351773774801977
2025-04-10 03:00,9.830732465102198
2025-04-10 04:00,11.62954023659544
2025-04-10 05:00,13.824651822795833
2025-04-10 06:00,10.960547065109063
2025-04-10 07:00,15.90304550259804
2025-04-10 08:00,9.092434398310806
2025-04-10 09:00,7.048465618144213
2025-04-10 10:00,6.189732056796874
2025-04-10 11:00,4.858411148476181
2025-04-10 12:00,8.69649678023264
2025-04-10 13:00,7.4629900984285555
2025-04-10 14:00,8.532624578372554
2025-04-10 15:00,9.23167364483215
2025-04-10 16:00,8.754866919524398
2025-04-10 17:00,8.153731962139679
2025-04-10 18:00,10.671746253793303
2025-04-10 19:00,12.630771425066307
2025-04-10 20:00,11.936339468525805
2025-04-10 21:00,6.854608440973944
2025-04-10 22:00,10.722143572740801
2025-04-10 23:00,6.77429090384387
2025-04-11 00:00,13.407910364033302
2025-04-11 01:00,13.818611833292756
2025-04-11 02:00,13.110732816392144
2025-04-11 03:00,11.530615703962141
2025-04-11 04:00,10.312599320977556
2025-04-11 05:00,7.200338439170887
2025-04-11 06:00,6.333499488231279
2025-04-11 07:00,1.3730187509562266
2025-04-11 08:00,2.3254810299215745
2025-04-11 09:00,2.7109264311273065
2025-04-11 10:00,2.8920800831017575
2025-04-11 11:00,2.2366545216589104
2025-04-11 12:00,2.120561735997924
2025-04-11 13:00,9.23879146387194
2025-04-11 14:00,7.642937073596558
2025-04-11 15:00,8.029142150642292
2025-04-11 16:00,7.181188974929267
2025-04-11 17:00,7.938340699400918
2025-04-11 18:00,8.342580315141978
2025-04-11 19:00,9.844578181905359
2025-04-11 20:00,4.176705783033196
2025-04-11 21:00,9.718812320746386
2025-04-11 22:00,7.913002646494373
2025-04-11 23:00,5.85657530234821
2025-04-12 00:00,9.141514926460786
2025-04-12 01:00,8.457189913419786
2025-04-12 02:00,10.090235214015209
2025-04-12 03:00,20.068715144289698
2025-04-12 04:00,26.90242429234643
2025-04-12 05:00,21.191495906736346
2025-04-12 06:00,24.411551255647066
2025-04-12 07:00,26.52218115493013
2025-04-12 08:00,36.82311733733332
2025-04-12 09:00,47.16885819100616
2025-04-12 10:00,44.09152729739831
2025-04-12 11:00,50.09217850399315
2025-04-12 12:00,48.830565181137025
2025-04-12 13:00,40.609243236719315
2025-04-12 14:00,43.42495507800039
2025-04-12 15:00,43.46386382045286
2025-04-12 16:00,45.563568589319395
2025-04-12 17:00,47.829361536077826
2025-04-12 18:00,50.116061990321604
2025-04-12 19:00,55.39937838244543
2025-04-12 20:00,53.770382268513295
2025-04-12 21:00,52.71099696971336
2025-04-12 22:00,53.91757868500242
2025-04-12 23:00,45.97129033293343
2025-04-13 00:00,44.20843085601556
2025-04-13 01:00,27.80902581494964
2025-04-13 02:00,13.29834694230512
2025-04-13 03:00,18.22123722326602
2025-04-13 04:00,27.657915111555496
2025-04-13 05:00,30.092935157997758
2025-04-13 06:00,39.758620864135665
2025-04-13 07:00,41.57513693435336
2025-04-13 08:00,34.299774123789305
2025-04-13 09:00,45.50033273941669
2025-04-13 10:00,41.7534302928264
2025-04-13 11:00,40.90619755296767
2025-04-13 12:00,45.9075092355398
2025-04-13 13:00,43.911715960477856
2025-04-13 14:00,40.93000323540719
2025-04-13 15:00,40.52527322266731
2025-04-13 16:00,38.75703031033266
2025-04-13 17:00,39.67487662152765
2025-04-13 18:00,30.190768669024774
2025-04-13 19:00,35.64601847459097
2025-04-13 20:00,40.64158827563907
2025-04-13 21:00,33.78136837025145
2025-04-13 22:00,36.06419833505229
2025-04-13 23:00,39.21477209780631
2025-04-14 00:00,42.54873885686124
2025-04-14 01:00,46.51956924890122
2025-04-14 02:00,51.31902757116299
2025-04-14 03:00,53.824261264200324
2025-04-14 04:00,53.25452727260069
2025-04-14 05:00,50.32693849779324
2025-04-14 06:00,45.09055762611322
2025-04-14 07:00,41.493367518260676
2025-04-14 08:00,43.79983163664817
2025-04-14 09:00,21.80188673006111
2025-04-14 10:00,29.451700498407916
2025-04-14 11:00,30.747829360627808
2025-04-14 12:00,49.71715607412805
2025-04-14 13:00,30.662900040183523
2025-04-14 14:00,26.93634383766538
2025-04-14 15:00,26.842707019260594
2025-04-14 16:00,36.36752623131417
2025-04-14 17:00,37.879824253359494
2025-04-14 18:00,28.241390873681137
2025-04-14 19:00,24.938200743305007
2025-04-14 20:00,53.34040440254814
2025-04-14 21:00,53.00684330758447
2025-04-14 22:00,46.11594411251617
2025-04-14 23:00,40.99918657965821
2025-04-15 00:00,39.246197790388514
2025-04-15 01:00,40.553697776384745
2025-04-15 02:00,40.40670738686572
2025-04-15 03:00,42.90739496292402
2025-04-15 04:00,30.550370069810224
2025-04-15 05:00,20.864249431308075
2025-04-15 06:00,15.504125794244647
2025-04-15 07:00,12.536735332347378
2025-04-15 08:00,17.038647413804018
2025-04-15 09:00,32.328001533485164
2025-04-15 10:00,29.364381312910027
2025-04-15 11:00,29.417767284100712
2025-04-15 12:00,33.153798982871166
2025-04-15 13:00,28.421047095122468
2025-04-15 14:00,26.145539022279166
2025-04-15 15:00,18.851967005711085
2025-04-15 16:00,9.96299161930488
2025-04-15 17:00,7.361607422355354
2025-04-15 18:00,12.17839866190598
2025-04-15 19:00,12.232323915923082
2025-04-15 20:00,10.43829815969316
2025-04-15 21:00,9.889999676398036
2025-04-15 22:00,10.539263317665284
2025-04-15 23:00,10.039846086980916
2025-04-16 00:00,6.535578830583287
2025-04-16 01:00,4.003911152422589
2025-04-16 02:00,4.809686251230914
2025-04-16 03:00,5.804732182656457
2025-04-16 04:00,6.142881301630826
2025-04-16 05:00,9.377402335171865
2025-04-16 06:00,15.6728801483784
2025-04-16 07:00,13.751221256992316
2025-04-16 08:00,11.151047090779844
2025-04-16 09:00,23.48215330154231
2025-04-16 10:00,38.98116078048323
2025-04-16 11:00,38.60340212283567
2025-04-16 12:00,40.23287191113191
2025-04-16 13:00,45.94705873977711
2025-04-16 14:00,47.9114924416108
2025-04-16 15:00,47.65694211460082
2025-04-16 16:00,50.01375288524475
2025-04-16 17:00,46.70484320098662
2025-04-16 18:00,44.055023000527164
2025-04-16 19:00,48.12100361400193
2025-04-16 20:00,45.65246447151158
2025-04-16 21:00,50.11609254770067
2025-04-16 22:00,51.01970724709003
2025-04-16 23:00,51.49647699566506
2025-04-17 00:00,51.92185056568409
2025-04-17 01:00,53.13825254056123
2025-04-17 02:00,51.88757645103327
2025-04-17 03:00,50.06924648330524
2025-04-17 04:00,51.39738172214013
2025-04-17 05:00,52.17970333994257
2025-04-17 06:00,52.19397453721549
2025-04-17 07:00,51.95111680207246
2025-04-17 08:00,51.591826695146636
2025-04-17 09:00,52.117796011657866
2025-04-17 10:00,51.134799662839576
2025-04-17 11:00,51.18535026521891
2025-04-17 12:00,49.55538907294085
2025-04-17 13:00,48.62804927990887
2025-04-17 14:00,49.24213254214565
2025-04-17 15:00,49.081273779536595
2025-04-17 16:00,41.76532382586884
2025-04-17 17:00,40.914285074793206
2025-04-17 18:00,34.28165486279679
2025-04-17 19:00,42.025208177617394
2025-04-17 20:00,38.856353762637546
2025-04-17 21:00,35.028048416909385
2025-04-17 22:00,34.753285208918264
2025-04-17 23:00,37.20987365038501
2025-04-18 00:00,36.47338671390143
2025-04-18 01:00,34.8618646312271
2025-04-18 02:00,44.78091974680827
2025-04-18 03:00,46.663217358164154
2025-04-18 04:00,45.35848254505555
2025-04-18 05:00,43.78517485513073
2025-04-18 06:00,43.69762573897382
2025-04-18 07:00,38.40994075274999
2025-04-18 08:00,43.18891402117825
2025-04-18 09:00,43.410200028166265
2025-04-18 10:00,38.53055481757794
2025-04-18 11:00,33.407131207070556
2025-04-18 12:00,16.03312597488926
2025-04-18 13:00,14.078958218327465
2025-04-18 14:00,12.41772263470859
2025-04-18 15:00,13.682613521862194
2025-04-18 16:00,25.345245467807786
2025-04-18 17:00,24.54259394009072
2025-04-18 18:00,15.729867328481241
2025-04-18 19:00,5.268980233364518
2025-04-18 20:00,4.970258949679048
2025-04-18 21:00,10.385779977263905
2025-04-18 22:00,19.339429301853
2025-04-18 23:00,17.78902827289275
2025-04-19 00:00,16.89192785968825
2025-04-19 01:00,17.089066737578474
2025-04-19 02:00,26.602156517020944
2025-04-19 03:00,34.515656791539286
2025-04-19 04:00,30.997066607818823
2025-04-19 05:00,18.112443694870088
2025-04-19 06:00,31.857771711289296
2025-04-19 07:00,33.82668295353704
2025-04-19 08:00,34.36892130046807
2025-04-19 09:00,38.93391050638868
2025-04-19 10:00,37.32548017190663
2025-04-19 11:00,40.39996599551308
2025-04-19 12:00,51.99306325057735
2025-04-19 13:00,51.047300605711825
2025-04-19 14:00,47.29618967130143
2025-04-19 15:00,43.95078128155283
2025-04-19 16:00,47.430214766365104
2025-04-19 17:00,47.89191084005067
2025-04-19 18:00,47.59739911024537
2025-04-19 19:00,36.34328299947768
2025-04-19 20:00,22.480031308596757
2025-04-19 21:00,10.14094367410912
2025-04-19 22:00,6.398948944741113
2025-04-19 23:00,8.139329004228518
2025-04-20 00:00,5.933881408117793
2025-04-20 01:00,3.5030669602441944
2025-04-20 02:00,3.9238392390099706
2025-04-20 03:00,2.735039163513272
2025-04-20 04:00,3.87839452801786
2025-04-20 05:00,1.2235535715735946
2025-04-20 06:00,3.3104780050143114
2025-04-20 07:00,4.092012774195158
2025-04-20 08:00,4.780189584692293
2025-04-20 09:00,4.838837062764211
2025-04-20 10:00,2.723527200062906
2025-04-20 11:00,1.5892042721777826
2025-04-20 12:00,1.5433530694469784
2025-04-20 13:00,0.5121680255194657
2025-04-20 14:00,3.3135176881583415
2025-04-20 15:00,4.47851396252036
2025-04-20 16:00,4.266932936624599
2025-04-20 17:00,4.578342301677031
2025-04-20 18:00,1.1313857362096327
2025-04-20 19:00,3.1680646359541194
2025-04-20 20:00,1.1151525154094353
2025-04-20 21:00,0.03044216886496276
2025-04-20 22:00,0.2224317223657455
2025-04-20 23:00,0.24626834758307248
2025-04-21 00:00,0.0
2025-04-21 01:00,0.08533634070529161
2025-04-21 02:00,0.1485383882332556
2025-04-21 03:00,0.2688763968403731
2025-04-21 04:00,0.44983419965653215
2025-04-21 05:00,0.3410220976479513
2025-04-21 06:00,1.2075058744182305
2025-04-21 07:00,0.8053725346734009
2025-04-21 08:00,1.2027669704173003
2025-04-21 09:00,1.257435992568764
2025-04-21 10:00,0.8762270610056877
2025-04-21 11:00,2.5600208191726903
2025-04-21 12:00,4.541943286978533
2025-04-21 13:00,10.707691553422464
2025-04-21 14:00,5.52616320430238
2025-04-21 15:00,2.3151733247198285
2025-04-21 16:00,3.9694471841249643
2025-04-21 17:00,7.973149855044678
2025-04-21 18:00,2.6868612945265373
2025-04-21 19:00,0.8774811079574354
2025-04-21 20:00,2.256190927935858
2025-04-21 21:00,0.6453011554810419
2025-04-21 22:00,0.6691974202647728
2025-04-21 23:00,2.2171964567042735
2025-04-22 00:00,0.25957743690839485
2025-04-22 01:00,1.0875555837299922
2025-04-22 02:00,3.009240779238324
2025-04-22 03:00,1.8195357970625827
2025-04-22 04:00,8.826391025318244
2025-04-22 05:00,16.38545765570554
2025-04-22 06:00,13.72140475635243
2025-04-22 07:00,29.68046309166268
2025-04-22 08:00,29.126725831192623
2025-04-22 09:00,30.111163524854017
2025-04-22 10:00,39.71682164923433
2025-04-22 11:00,41.91270136522219
2025-04-22 12:00,43.47555953437624
2025-04-22 13:00,40.900358348862056
2025-04-22 14:00,42.83534102614921
2025-04-22 15:00,43.84335959557898
2025-04-22 16:00,43.736364102920874
2025-04-22 17:00,42.92526611652736
2025-04-22 18:00,42.93532814299429
2025-04-22 19:00,32.89914205295775
2025-04-22 20:00,12.187068709991147
2025-04-22 21:00,3.664757497970917
2025-04-22 22:00,5.162826684146939
2025-04-22 23:00,4.4656176752590735
2025-04-23 00:00,6.383412707834275
2025-04-23 01:00,11.493158551994082
2025-04-23 02:00,12.958479142745617
2025-04-23 03:00,10.423080297861468
2025-04-23 04:00,11.345248676664834
2025-04-23 05:00,12.684441248511973
2025-04-23 06:00,7.926435622772736
2025-04-23 07:00,3.7099201239048374
2025-04-23 08:00,6.275092238277475
2025-04-23 09:00,2.6410065002702683
2025-04-23 10:00,1.2879587427564254
2025-04-23 11:00,0.8055718449293854
2025-04-23 12:00,0.9171489194835156
2025-04-23 13:00,2.1509891682091276
2025-04-23 14:00,2.6403812220947005
2025-04-23 15:00,4.542896834241835
2025-04-23 16:00,6.199537553124021
2025-04-23 17:00,5.11623678531735
2025-04-23 18:00,2.6824314727772944
2025-04-23 19:00,2.253225694143181
2025-04-23 20:00,2.019255819240898
2025-04-23 21:00,1.0593137722825643
2025-04-23 22:00,1.80482472358967
2025-04-23 23:00,1.2269975336738406
2025-04-24 00:00,0.9748760691078333
2025-04-24 01:00,1.5369258151933196
2025-04-24 02:00,2.6573953075357646
2025-04-24 03:00,3.086215308307589
2025-04-24 04:00,3.2123282749552637
2025-04-24 05:00,1.8861960365936747
2025-04-24 06:00,1.4817640468920756
2025-04-24 07:00,1.7309520964907632
2025-04-24 08:00,2.1478344698393026
2025-04-24 09:00,6.201973655848713
2025-04-24 10:00,6.06537539173015
2025-04-24 11:00,5.255835313985562
2025-04-24 12:00,8.633312841333963
2025-04-24 13:00,6.52273663825207
2025-04-24 14:00,11.29220789779805
2025-04-24 15:00,5.79572955295078
2025-04-24 16:00,4.6491072609364075
2025-04-24 17:00,9.159611195666178
2025-04-24 18:00,18.00734971205537
2025-04-24 19:00,24.306567228984647
2025-04-24 20:00,25.610827287121253
2025-04-24 21:00,24.367840267087978
2025-04-24 22:00,20.54992558528693
2025-04-24 23:00,19.933683343853865
2025-04-25 00:00,29.70481866847716
2025-04-25 01:00,16.310972226977018
2025-04-25 02:00,15.777459758141688
2025-04-25 03:00,14.574749394137072
2025-04-25 04:00,13.962228745848025
2025-04-25 05:00,16.477993477756215
2025-04-25 06:00,14.740903443428568
2025-04-25 07:00,5.967360894530344
2025-04-25 08:00,6.158676176208337
2025-04-25 09:00,1.4860314610781065
2025-04-25 10:00,3.549741896629358
2025-04-25 11:00,6.732765459602465
2025-04-25 12:00,6.73209995478914
2025-04-25 13:00,8.160382811781721
2025-04-25 14:00,12.457745598359566
2025-04-25 15:00,14.069925065351846
2025-04-25 16:00,12.497839413290011
2025-04-25 17:00,9.610057211763642
2025-04-25 18:00,9.697836157808178
2025-04-25 19:00,5.795942097522516
2025-04-25 20:00,1.8019375295282907
2025-04-25 21:00,1.7087059848573536
2025-04-25 22:00,1.63631286171532
2025-04-25 23:00,2.1461569484968845
2025-04-26 00:00,0.5101055161026585
2025-04-26 01:00,0.5713978068108835
2025-04-26 02:00,0.7468388371436754
2025-04-26 03:00,0.027743277697220403
2025-04-26 04:00,1.9392230708337377
2025-04-26 05:00,2.673661352425879
2025-04-26 06:00,4.208208880309616
2025-04-26 07:00,0.8408258413519556
2025-04-26 08:00,0.6130251213917919
2025-04-26 09:00,2.334902683204867
2025-04-26 10:00,3.697448955739944
2025-04-26 11:00,10.064340509155985
2025-04-26 12:00,9.204816625303497
2025-04-26 13:00,10.75800152839016
2025-04-26 14:00,18.392204798928624
2025-04-26 15:00,25.9186732362956
2025-04-26 16:00,27.121292398446222
2025-04-26 17:00,28.26928176245454
2025-04-26 18:00,20.33230484304133
2025-04-26 19:00,16.25082952897143
2025-04-26 20:00,16.0707412641778
2025-04-26 21:00,24.383780574338097
2025-04-26 22:00,21.81701635269706
2025-04-26 23:00,26.8901231168693
2025-04-27 00:00,20.85324412004804
2025-04-27 01:00,13.905654540578382
2025-04-27 02:00,8.394947426705674
2025-04-27 03:00,23.910965228234325
2025-04-27 04:00,18.04097029499072
2025-04-27 05:00,19.566523380239353
2025-04-27 06:00,22.382380948525093
2025-04-27 07:00,18.374489216563312
2025-04-27 08:00,21.909020281504624
2025-04-27 09:00,13.441819497267147
2025-04-27 10:00,6.7630338259361675
2025-04-27 11:00,5.480598420406354
2025-04-27 12:00,8.980819287270156
2025-04-27 13:00,8.401771269282868
2025-04-27 14:00,8.310244700271827
2025-04-27 15:00,5.595973255611732
2025-04-27 16:00,2.7309177826645334
2025-04-27 17:00,2.326754152293622
2025-04-27 18:00,2.4850705577065697
2025-04-27 19:00,4.553797226741288
2025-04-27 20:00,2.5761341840938905
2025-04-27 21:00,6.945424727389353
2025-04-27 22:00,11.240885091379404
2025-04-27 23:00,2.0803182827902544
2025-04-28 00:00,0.6236422586742154
2025-04-28 01:00,0.5966374084800228
2025-04-28 02:00,0.4250478378562408
2025-04-28 03:00,1.4944644432275402
2025-04-28 04:00,0.7262645293122392
2025-04-28 05:00,0.7434360016152199
2025-04-28 06:00,1.5048634137451986
2025-04-28 07:00,0.0
2025-04-28 08:00,0.27132905523687945
2025-04-28 09:00,2.1152142097086593
2025-04-28 10:00,5.102457239478971
2025-04-28 11:00,10.046875484537118
2025-04-28 12:00,8.69215647564468
2025-04-28 13:00,16.386374060267684
2025-04-28 14:00,27.050525652952466
2025-04-28 15:00,23.32103603773524
2025-04-28 16:00,34.37072668658735
2025-04-28 17:00,40.49563518844031
2025-04-28 18:00,35.88658448753036
2025-04-28 19:00,32.243886774486384
2025-04-28 20:00,24.28096084471592
2025-04-28 21:00,6.570707838085642
2025-04-28 22:00,3.6021177242625253
2025-04-28 23:00,3.2984010653811944
2025-04-29 00:00,1.734066150973566
2025-04-29 01:00,3.139166978554004
2025-04-29 02:00,1.4792879862176647
2025-04-29 03:00,0.943391827605637
2025-04-29 04:00,1.5984736559255137
2025-04-29 05:00,1.215274095483578
2025-04-29 06:00,0.34013478605253356
2025-04-29 07:00,0.0
2025-04-29 08:00,0.0
2025-04-29 09:00,0.0
2025-04-29 10:00,0.0
2025-04-29 11:00,0.14818676554694676
2025-04-29 12:00,0.6834905050153397
2025-04-29 13:00,0.915784177986672
2025-04-29 14:00,2.841586339429509
2025-04-29 15:00,3.376616104705795
2025-04-29 16:00,3.1681783775873074
2025-04-29 17:00,6.492423115485968
2025-04-29 18:00,7.6484772117705635
2025-04-29 19:00,7.805542649411596
2025-04-29 20:00,10.027356699752053
2025-04-29 21:00,12.074097458081848
2025-04-29 22:00,24.758239533871123
2025-04-29 23:00,35.08420639367608
2025-04-30 00:00,15.856099425212662
2025-04-30 01:00,30.232406716110724
2025-04-30 02:00,26.332206627783318
2025-04-30 03:00,27.261543911084892
2025-04-30 04:00,23.864221424040434
2025-04-30 05:00,23.42542978089771
2025-04-30 06:00,19.69652557748376
2025-04-30 07:00,19.69499414422349
2025-04-30 08:00,26.660861939654097
2025-04-30 09:00,28.330279135165608
2025-04-30 10:00,32.76219640892378
2025-04-30 11:00,32.80524583918686
2025-04-30 12:00,34.13968807235776
2025-04-30 13:00,40.630625106315826
2025-04-30 14:00,40.20496972385961
2025-04-30 15:00,38.63096219585318
2025-04-30 16:00,38.56441315329277
2025-04-30 17:00,33.17349269134613
2025-04-30 18:00,27.78992408258604
2025-04-30 19:00,30.16126396443294
2025-04-30 20:00,38.46634029231334
2025-04-30 21:00,36.12446198788299
2025-04-30 22:00,42.524522049906274
2025-04-30 23:00,43.86172659709142
2025-05-01 00:00,36.38933558717152
2025-05-01 01:00,49.63421060826173
2025-05-01 02:00,50.75921517695409
2025-05-01 03:00,46.02263352160274
2025-05-01 04:00,46.43303730644112
2025-05-01 05:00,48.71710437234908
2025-05-01 06:00,46.92256448862222
2025-05-01 07:00,48.821631063235074
2025-05-01 08:00,53.40960071271635
2025-05-01 09:00,53.260072482254
2025-05-01 10:00,52.36952614117935
2025-05-01 11:00,51.425688645948846
2025-05-01 12:00,49.75919289085724
2025-05-01 13:00,42.22955894651219
2025-05-01 14:00,28.571491433443985
2025-05-01 15:00,19.37726214920064
2025-05-01 16:00,23.888941068148068
2025-05-01 17:00,24.16417176876388
2025-05-01 18:00,18.5137018571283
2025-05-01 19:00,14.523402161388024
2025-05-01 20:00,4.722395992385252
2025-05-01 21:00,4.849046600855623
2025-05-01 22:00,4.4276027145976755
2025-05-01 23:00,6.028972689950171
2025-05-02 00:00,12.60050992107043
2025-05-02 01:00,17.68040529362505
2025-05-02 02:00,23.89902119679828
2025-05-02 03:00,34.79092807336198
2025-05-02 04:00,35.014239684094846
2025-05-02 05:00,26.072332700598402
2025-05-02 06:00,17.95902331504263
2025-05-02 07:00,21.462445370005902
2025-05-02 08:00,35.435968672686236
2025-05-02 09:00,29.584696831707316
2025-05-02 10:00,31.079716598325774
2025-05-02 11:00,25.12946430425564
2025-05-02 12:00,24.123614047911417
2025-05-02 13:00,15.429588013863079
2025-05-02 14:00,12.464458917933822
2025-05-02 15:00,8.911390790011641
2025-05-02 16:00,6.395191222393077
2025-05-02 17:00,6.596398569288024
2025-05-02 18:00,2.524442372660604
2025-05-02 19:00,2.078953794688073
2025-05-02 20:00,1.4680302946115
2025-05-02 21:00,0.0
2025-05-02 22:00,1.274868214544865
2025-05-02 23:00,0.0
2025-05-03 00:00,0.0
2025-05-03 01:00,0.09561206398370037
2025-05-03 02:00,1.4875004597427615
2025-05-03 03:00,1.5847934269866424
2025-05-03 04:00,0.7071478523004209
2025-05-03 05:00,7.268256193661438
2025-05-03 06:00,17.66060607327904
2025-05-03 07:00,18.769978578178645
2025-05-03 08:00,6.083988744927034
2025-05-03 09:00,17.48887290491736
2025-05-03 10:00,20.792181800639625
2025-05-03 11:00,12.777786481513635
2025-05-03 12:00,9.389024135778001
2025-05-03 13:00,9.381455961928255
2025-05-03 14:00,9.478877540701973
2025-05-03 15:00,14.364913146185081
2025-05-03 16:00,35.321059929999045
2025-05-03 17:00,43.54315913669134
2025-05-03 18:00,43.69977948822834
2025-05-03 19:00,33.53848980733819
2025-05-03 20:00,24.451573011229325
2025-05-03 21:00,21.303991937075814
2025-05-03 22:00,23.202616826437914
2025-05-03 23:00,10.046173720972245
2025-05-04 00:00,2.8077199648827382
2025-05-04 01:00,5.145645715132462
2025-05-04 02:00,5.320374552350096
2025-05-04 03:00,5.853076197683686
2025-05-04 04:00,5.11566259033347
2025-05-04 05:00,5.976692230233642
2025-05-04 06:00,6.749898529524485
2025-05-04 07:00,1.3989857813672488
2025-05-04 08:00,2.595862920857288
2025-05-04 09:00,2.3868499296770316
2025-05-04 10:00,2.115771608015098
2025-05-04 11:00,2.7435192262808443
2025-05-04 12:00,7.836642909121281
2025-05-04 13:00,16.9875086624791
2025-05-04 14:00,15.709618524673157
2025-05-04 15:00,12.43181370950953
2025-05-04 16:00,13.115895068958295
2025-05-04 17:00,12.750955474931107
2025-05-04 18:00,4.6688018277421595
2025-05-04 19:00,5.587750619210297
2025-05-04 20:00,4.359296240799262
2025-05-04 21:00,3.330452761270846
2025-05-04 22:00,2.332281576244347
2025-05-04 23:00,0.4367292464634587
2025-05-05 00:00,2.711442102031366
2025-05-05 01:00,0.0
2025-05-05 02:00,0.7402166571074511
2025-05-05 03:00,1.8694829533222994
2025-05-05 04:00,0.8428564571609156
2025-05-05 05:00,3.507520923001479
2025-05-05 06:00,2.7758745373197633
2025-05-05 07:00,0.21475729493439366
2025-05-05 08:00,0.7860870228523786
2025-05-05 09:00,1.4481714803331283
2025-05-05 10:00,0.4773285827451541
2025-05-05 11:00,1.728054505249637
2025-05-05 12:00,1.4783271623315237
2025-05-05 13:00,1.0896818502648422
2025-05-05 14:00,2.5271228129483156
2025-05-05 15:00,2.20150432503974
2025-05-05 16:00,2.0358230855953403
2025-05-05 17:00,5.611684663698739
2025-05-05 18:00,13.578462900305997
2025-05-05 19:00,19.21409304809616
2025-05-05 20:00,10.369523453457955
2025-05-05 21:00,2.460328507207125
2025-05-05 22:00,12.82887755482584
2025-05-05 23:00,14.984830924182923
2025-05-06 00:00,3.9202566057443993
2025-05-06 01:00,2.6691130128570886
2025-05-06 02:00,4.644638910738443
2025-05-06 03:00,3.1398179691748047
2025-05-06 04:00,2.5126817729078277
2025-05-06 05:00,6.438531750802053
2025-05-06 06:00,7.726437823197147
2025-05-06 07:00,3.552372620758179
2025-05-06 08:00,2.4642087805860418
2025-05-06 09:00,2.197452656076455
2025-05-06 10:00,2.0555825859074432
2025-05-06 11:00,1.5964436997273712
2025-05-06 12:00,0.33886324221454867
2025-05-06 13:00,0.9105089483645499
2025-05-06 14:00,2.840193987985791
2025-05-06 15:00,6.607942005245455
2025-05-06 16:00,9.233268579713096
2025-05-06 17:00,7.453365259330317
2025-05-06 18:00,3.534891272155112
2025-05-06 19:00,4.185628999441601
2025-05-06 20:00,4.069200702014582
2025-05-06 21:00,4.055587341074105
2025-05-06 22:00,4.147058779531724
2025-05-06 23:00,4.222400662512973
2025-05-07 00:00,0.537578559064217
2025-05-07 01:00,3.5013303279980748
2025-05-07 02:00,2.9283381389891017
2025-05-07 03:00,0.9455087726820122
2025-05-07 04:00,0.5528443105778054
2025-05-07 05:00,1.2419771844332488
2025-05-07 06:00,0.790970613826051
2025-05-07 07:00,0.0
2025-05-07 08:00,0.0
2025-05-07 09:00,0.0
2025-05-07 10:00,0.0
2025-05-07 11:00,0.04573718364276075
2025-05-07 12:00,0.4226811400548204
2025-05-07 13:00,2.6222758453468304
2025-05-07 14:00,5.95301051269746
2025-05-07 15:00,6.739814058703811
2025-05-07 16:00,6.0640779250188785
2025-05-07 17:00,5.721426314027889
2025-05-07 18:00,3.4285496752692586
2025-05-07 19:00,3.4766799703245357
2025-05-07 20:00,2.035751736346825
2025-05-07 21:00,1.0908446762925086
2025-05-07 22:00,0.08962628550608953
2025-05-07 23:00,0.7341856525183874
2025-05-08 00:00,0.11513626991344805
2025-05-08 01:00,0.0
2025-05-08 02:00,1.9073603273044575
2025-05-08 03:00,0.6882310296674743
2025-05-08 04:00,0.4298792649146521
2025-05-08 05:00,2.618191459663409
2025-05-08 06:00,1.3944898176300435
2025-05-08 07:00,0.3775794929176698
2025-05-08 08:00,0.17600653398220956
2025-05-08 09:00,0.0
2025-05-08 10:00,0.056116813364497475
2025-05-08 11:00,0.11864187134595056
2025-05-08 12:00,1.0808927995897555
2025-05-08 13:00,2.549052355731174
2025-05-08 14:00,3.41282183145615
2025-05-08 15:00,8.448657337830687
2025-05-08 16:00,5.321597353640231
2025-05-08 17:00,3.075311398811011
2025-05-08 18:00,2.645690560130411
2025-05-08 19:00,2.1447572774793144
2025-05-08 20:00,0.30387092696816986
2025-05-08 21:00,0.25031676913478684
2025-05-08 22:00,0.4642783239140251
2025-05-08 23:00,1.6187895731362931
2025-05-09 00:00,4.098296423200647
2025-05-09 01:00,3.693368034600725
2025-05-09 02:00,6.489411219265749
2025-05-09 03:00,11.760556915548584
2025-05-09 04:00,12.034055561521836
2025-05-09 05:00,18.79753789376058
2025-05-09 06:00,22.646986529279673
2025-05-09 07:00,14.429835214823237
2025-05-09 08:00,23.913732699475467
2025-05-09 09:00,27.089646589301466
2025-05-09 10:00,28.917313525300596
2025-05-09 11:00,30.393609988165167
2025-05-09 12:00,33.90199741948437
2025-05-09 13:00,45.050702889601254
2025-05-09 14:00,51.505751854057785
2025-05-09 15:00,51.49988111246295
2025-05-09 16:00,48.7501066395795
2025-05-09 17:00,48.54185697254906
2025-05-09 18:00,49.36327895203054
2025-05-09 19:00,43.62027893214171
2025-05-09 20:00,46.24192353737864
2025-05-09 21:00,46.22511949719501
2025-05-09 22:00,46.44621485352174
2025-05-09 23:00,45.06950839172172
2025-05-10 00:00,45.48531929677325
2025-05-10 01:00,48.52487507994265
2025-05-10 02:00,48.894016546855774
2025-05-10 03:00,47.63080961967583
2025-05-10 04:00,43.95347877896037
2025-05-10 05:00,44.067220940195156
2025-05-10 06:00,37.20312786704886
2025-05-10 07:00,35.805944041524214
2025-05-10 08:00,41.762796129089885
2025-05-10 09:00,40.69067159165564
2025-05-10 10:00,44.725199317860174
2025-05-10 11:00,48.33427779908613
2025-05-10 12:00,48.9699320806668
2025-05-10 13:00,46.93716138455169
2025-05-10 14:00,46.93283713808113
2025-05-10 15:00,48.11411726826738
2025-05-10 16:00,45.12410658088718
2025-05-10 17:00,43.32457012406084
2025-05-10 18:00,38.515365985527296
2025-05-10 19:00,32.596325823098965
2025-05-10 20:00,30.561326386859832
2025-05-10 21:00,29.454770993820702
2025-05-10 22:00,23.289842918144256
2025-05-10 23:00,17.121534466159282
2025-05-11 00:00,30.97110723825198
2025-05-11 01:00,15.85546430689072
2025-05-11 02:00,8.72354389374403
2025-05-11 03:00,9.462421084350453
2025-05-11 04:00,6.872456720975812
2025-05-11 05:00,3.7351076527812457
2025-05-11 06:00,3.552567548084743
2025-05-11 07:00,5.570947320573682
2025-05-11 08:00,5.206649416381358
2025-05-11 09:00,3.5246560591852663
2025-05-11 10:00,2.6270099563034357
2025-05-11 11:00,7.4030929940591665
2025-05-11 12:00,18.95225621049532
2025-05-11 13:00,15.528891186687279
2025-05-11 14:00,17.94805213716122
2025-05-11 15:00,17.05405051109249
2025-05-11 16:00,11.12481043835357
2025-05-11 17:00,10.906647201138075
2025-05-11 18:00,9.77861575363502
2025-05-11 19:00,6.311828325358203
2025-05-11 20:00,6.024156027929735
2025-05-11 21:00,10.819892850003054
2025-05-11 22:00,8.641332005880358
2025-05-11 23:00,11.620659303304418
2025-05-12 00:00,8.65676437162631
2025-05-12 01:00,7.100050950409507
2025-05-12 02:00,9.716738840635497
2025-05-12 03:00,9.917097284890433
2025-05-12 04:00,8.064864698965964
2025-05-12 05:00,11.202368684006863
2025-05-12 06:00,17.876187052895936
2025-05-12 07:00,5.74818278606547
2025-05-12 08:00,7.118192433724587
2025-05-12 09:00,5.705745951561033
2025-05-12 10:00,5.312565330976751
2025-05-12 11:00,12.271574252543203
2025-05-12 12:00,14.691733590947837
2025-05-12 13:00,17.60514861202
2025-05-12 14:00,16.806161120239462
2025-05-12 15:00,17.432945132373668
2025-05-12 16:00,22.56288822239214
2025-05-12 17:00,26.51001091256019
2025-05-12 18:00,26.623760779700888
2025-05-12 19:00,21.85104149955565
2025-05-12 20:00,32.027419327610836
2025-05-12 21:00,21.004305308107057
2025-05-12 22:00,34.280453297548014
2025-05-12 23:00,40.581287996163276
2025-05-13 00:00,31.703010306639577
2025-05-13 01:00,29.643814212061784
2025-05-13 02:00,27.850689869865306
2025-05-13 03:00,14.110526697600706
2025-05-13 04:00,23.639336782459633
2025-05-13 05:00,27.442442336770974
2025-05-13 06:00,24.13061352988033
2025-05-13 07:00,21.366448888612023
2025-05-13 08:00,29.272174383148098
2025-05-13 09:00,30.337826119040237
2025-05-13 10:00,31.477813232104317
2025-05-13 11:00,38.642093213903756
2025-05-13 12:00,36.03430271400446
2025-05-13 13:00,37.267982669082805
2025-05-13 14:00,32.35701885943542
2025-05-13 15:00,27.690402108482825
2025-05-13 16:00,28.631398344833606
2025-05-13 17:00,29.791215705949142
2025-05-13 18:00,26.58182980482691
2025-05-13 19:00,13.280172555659625
2025-05-13 20:00,17.233403963679198
2025-05-13 21:00,13.789737519387236
2025-05-13 22:00,6.404678162947018
2025-05-13 23:00,3.4567041308614153
2025-05-14 00:00,9.076308463600238
2025-05-14 01:00,5.913087639244422
2025-05-14 02:00,8.034591512044514
2025-05-14 03:00,6.988136953802023
2025-05-14 04:00,5.10696438337234
2025-05-14 05:00,4.478836655799107
2025-05-14 06:00,3.011471809610227
2025-05-14 07:00,1.6702599954592858
2025-05-14 08:00,1.2259661620800333
2025-05-14 09:00,3.9676404465082373
2025-05-14 10:00,9.254254089590246
2025-05-14 11:00,12.267039415149885
2025-05-14 12:00,22.647600621601434
2025-05-14 13:00,25.79209948036763
2025-05-14 14:00,26.195124027927452
2025-05-14 15:00,35.54466575964225
2025-05-14 16:00,40.18627752912261
2025-05-14 17:00,42.76917025590007
2025-05-14 18:00,29.353596456622167
2025-05-14 19:00,27.57188073627778
2025-05-14 20:00,28.529921472954314
2025-05-14 21:00,23.1432141443103
2025-05-14 22:00,35.990060351017945
2025-05-14 23:00,36.03185208631865
2025-05-15 00:00,37.118645024008195
2025-05-15 01:00,36.71428671759055
2025-05-15 02:00,44.18008433246143
2025-05-15 03:00,46.462509657358474
2025-05-15 04:00,44.6378644269277
2025-05-15 05:00,35.69280707308298
2025-05-15 06:00,42.47694771691656
2025-05-15 07:00,37.43260302352379
2025-05-15 08:00,38.79582600492248
2025-05-15 09:00,37.480829084725066
2025-05-15 10:00,27.096961380578538
2025-05-15 11:00,22.909794414597922
2025-05-15 12:00,22.90973819973336
2025-05-15 13:00,17.957668900136454
2025-05-15 14:00,11.745861319902552
2025-05-15 15:00,18.63845102222761
2025-05-15 16:00,23.880495600385693
2025-05-15 17:00,26.668749298174117
2025-05-15 18:00,21.728876491716548
2025-05-15 19:00,21.712520399647993
2025-05-15 20:00,14.799119670942831
2025-05-15 21:00,11.281621333094492
2025-05-15 22:00,16.383442940611676
2025-05-15 23:00,22.699487344272246
2025-05-16 00:00,15.852743770539831
2025-05-16 01:00,16.865354750216802
2025-05-16 02:00,17.483135328228066
2025-05-16 03:00,17.51575694179503
2025-05-16 04:00,18.938726169690558
2025-05-16 05:00,16.738190975324915
2025-05-16 06:00,9.502654234768197
2025-05-16 07:00,1.3670412580430915
2025-05-16 08:00,3.712432430584952
2025-05-16 09:00,7.048467120066125
2025-05-16 10:00,21.057499597764505
2025-05-16 11:00,21.075643924543904
2025-05-16 12:00,20.81620975121376
2025-05-16 13:00,23.451307993228077
2025-05-16 14:00,15.462581657467656
2025-05-16 15:00,23.263364263869356
2025-05-16 16:00,21.97293141317205
2025-05-16 17:00,27.573964784753283
2025-05-16 18:00,24.923401060677683
2025-05-16 19:00,25.37764770311862
2025-05-16 20:00,25.44509720393657
2025-05-16 21:00,33.93137350734313
2025-05-16 22:00,30.3219898479066
2025-05-16 23:00,32.22097693003565
2025-05-17 00:00,15.232920940011656
2025-05-17 01:00,10.835256600712995
2025-05-17 02:00,5.442031838438497
2025-05-17 03:00,4.337199608776476
2025-05-17 04:00,4.707847022365764
2025-05-17 05:00,2.09371301150948
2025-05-17 06:00,4.611096793892331
2025-05-17 07:00,3.7327950064748125
2025-05-17 08:00,5.575196411754018
2025-05-17 09:00,12.622117535515741
2025-05-17 10:00,6.556802476907308
2025-05-17 11:00,4.089131563823946
2025-05-17 12:00,1.3044544525334698
2025-05-17 13:00,0.4585430755212798
2025-05-17 14:00,0.6610049591628022
2025-05-17 15:00,5.633716784181853
2025-05-17 16:00,11.422111058416828
2025-05-17 17:00,16.31794844623385
2025-05-17 18:00,21.0463023304437
2025-05-17 19:00,27.356008199060184
2025-05-17 20:00,21.445095959156244
2025-05-17 21:00,18.630810759900534
2025-05-17 22:00,15.088842848073888
2025-05-17 23:00,22.094402236151378
2025-05-18 00:00,12.290004603435946
2025-05-18 01:00,9.42444274704062
2025-05-18 02:00,9.872953255001281
2025-05-18 03:00,6.1092155776963715
2025-05-18 04:00,2.9839522109074976
2025-05-18 05:00,2.875484311769728
2025-05-18 06:00,3.0834170072781846
2025-05-18 07:00,10.355033573997963
2025-05-18 08:00,10.486230243000447
2025-05-18 09:00,3.5712777289228494
2025-05-18 10:00,1.2724869889921822
2025-05-18 11:00,1.8456364452299212
2025-05-18 12:00,5.688414478413518
2025-05-18 13:00,5.655036405924712
2025-05-18 14:00,7.090306469383609
2025-05-18 15:00,6.66166429517677
2025-05-18 16:00,6.685854325747792
2025-05-18 17:00,5.53875496677259
2025-05-18 18:00,3.2807755767541495
2025-05-18 19:00,2.4139707983216905
2025-05-18 20:00,1.5761232846461333
2025-05-18 21:00,1.60673777218968
2025-05-18 22:00,1.0202140895481735
2025-05-18 23:00,0.2699564025013609
2025-05-19 00:00,0.0
2025-05-19 01:00,0.06542130547818326
2025-05-19 02:00,1.3790265217562052
2025-05-19 03:00,2.689117519815204
2025-05-19 04:00,3.5993132318121064
2025-05-19 05:00,6.042163028409204
2025-05-19 06:00,13.082216517289313
2025-05-19 07:00,29.368120636247962
2025-05-19 08:00,34.34984002584193
2025-05-19 09:00,39.40693014878466
2025-05-19 10:00,43.02116395858844
2025-05-19 11:00,48.986604038697855
2025-05-19 12:00,50.22608511424854
2025-05-19 13:00,50.3702287424992
2025-05-19 14:00,47.53180432670329
2025-05-19 15:00,48.097288669866906
2025-05-19 16:00,47.68549207069708
2025-05-19 17:00,42.914841116690816
2025-05-19 18:00,38.53983462557421
2025-05-19 19:00,39.66526894367714
2025-05-19 20:00,35.352955535943046
2025-05-19 21:00,32.89501044713938
2025-05-19 22:00,33.206143978602064
2025-05-19 23:00,35.08494659733772
2025-05-20 00:00,46.48115534490702
2025-05-20 01:00,46.66429760111919
2025-05-20 02:00,44.34050854065646
2025-05-20 03:00,35.37847022580202
2025-05-20 04:00,38.166890514090205
2025-05-20 05:00,34.639471930769524
2025-05-20 06:00,36.93775566400297
2025-05-20 07:00,39.36045991055655
2025-05-20 08:00,37.17358164111473
2025-05-20 09:00,31.48756854424969
2025-05-20 10:00,26.329321837576778
2025-05-20 11:00,24.255300589151272
2025-05-20 12:00,25.98940521630083
2025-05-20 13:00,21.806319935379467
2025-05-20 14:00,22.700675674033526
2025-05-20 15:00,26.703229405923224
2025-05-20 16:00,31.08993650517175
2025-05-20 17:00,29.28464788966665
2025-05-20 18:00,14.878511040722472
2025-05-20 19:00,17.45031206152818
2025-05-20 20:00,17.452288163142846
2025-05-20 21:00,5.876746632697433
2025-05-20 22:00,14.315160984889665
2025-05-20 23:00,20.75533926363166
2025-05-21 00:00,16.494225845516123
2025-05-21 01:00,8.407139507958966
2025-05-21 02:00,5.089568941575436
2025-05-21 03:00,13.411078501766147
2025-05-21 04:00,6.45114765108997
2025-05-21 05:00,4.223608557748266
2025-05-21 06:00,6.022269292713812
2025-05-21 07:00,13.66652428669629
2025-05-21 08:00,18.81338297607157
2025-05-21 09:00,9.619390929249262
2025-05-21 10:00,1.0099471771096342
2025-05-21 11:00,0.39680723514887317
2025-05-21 12:00,1.107425954845192
2025-05-21 13:00,0.6255525803792648
2025-05-21 14:00,0.042441438885071125
2025-05-21 15:00,0.46407081821012697
2025-05-21 16:00,0.6008557520669984
2025-05-21 17:00,0.7654995637856095
2025-05-21 18:00,1.0446779579334664
2025-05-21 19:00,1.0476144786442787
2025-05-21 20:00,0.8085114355201566
2025-05-21 21:00,0.4534988713480703
2025-05-21 22:00,0.48015307646045136
2025-05-21 23:00,1.0812635441800147
2025-05-22 00:00,1.4057319217654676
2025-05-22 01:00,5.607100838603353
2025-05-22 02:00,8.405396171712598
2025-05-22 03:00,10.303354412685634
2025-05-22 04:00,2.4978136469905667
2025-05-22 05:00,1.716211195138515
2025-05-22 06:00,0.7579129567977891
2025-05-22 07:00,1.2502224887353788
2025-05-22 08:00,0.6434446724226383
2025-05-22 09:00,0.8251525493117222
2025-05-22 10:00,0.5516151485615073
2025-05-22 11:00,0.33753783535870097
2025-05-22 12:00,0.569687853577219
2025-05-22 13:00,1.8380685032682327
2025-05-22 14:00,3.064937096467364
2025-05-22 15:00,3.4171139547800586
2025-05-22 16:00,4.072762916179489
2025-05-22 17:00,2.586343639640559
2025-05-22 18:00,2.495071372127744
2025-05-22 19:00,0.4736545275695968
2025-05-22 20:00,1.9143633171110244
2025-05-22 21:00,1.4646990974919125
2025-05-22 22:00,9.572728536017202
2025-05-22 23:00,13.290950560377807
2025-05-23 00:00,2.7952043523655132
2025-05-23 01:00,2.020178152143054
2025-05-23 02:00,1.3024848171312775
2025-05-23 03:00,0.9101533365856773
2025-05-23 04:00,0.750489742133766
2025-05-23 05:00,0.5215686285137552
2025-05-23 06:00,0.3791159042159209
2025-05-23 07:00,0.4981203431678425
2025-05-23 08:00,0.1167469034602544
2025-05-23 09:00,0.2986091104023003
2025-05-23 10:00,0.986668255614995
2025-05-23 11:00,1.536367724949339
2025-05-23 12:00,0.590867142669717
2025-05-23 13:00,0.1250821994234489
2025-05-23 14:00,1.2920138487265567
2025-05-23 15:00,0.8598942732820325
2025-05-23 16:00,1.3526065068681516
2025-05-23 17:00,2.190810716135012
2025-05-23 18:00,1.6642745866405675
2025-05-23 19:00,0.37302104523316215
2025-05-23 20:00,0.7669929407263711
2025-05-23 21:00,0.3905690470970935
2025-05-23 22:00,0.2822382347618849
2025-05-23 23:00,0.08425353602009894
2025-05-24 00:00,0.8531376093994663
2025-05-24 01:00,1.5703398464577392
2025-05-24 02:00,1.1003489913780307
2025-05-24 03:00,1.9880749595691767
2025-05-24 04:00,1.7764614222323494
2025-05-24 05:00,1.7810877519152521
2025-05-24 06:00,1.6378523364277868
2025-05-24 07:00,1.2691109900871527
2025-05-24 08:00,1.345006220474497
2025-05-24 09:00,0.8253467923352527
2025-05-24 10:00,0.537762438102068
2025-05-24 11:00,0.9906710007489155
2025-05-24 12:00,2.2893672481815703
2025-05-24 13:00,4.553082874842708
2025-05-24 14:00,8.158683599496836
2025-05-24 15:00,8.347236389301155
2025-05-24 16:00,9.892311686419458
2025-05-24 17:00,13.666972401357231
2025-05-24 18:00,14.157137861286976
2025-05-24 19:00,15.104564786738724
2025-05-24 20:00,11.247820405916684
2025-05-24 21:00,6.946596911112113
2025-05-24 22:00,14.562841434049815
2025-05-24 23:00,18.920624689353584
2025-05-25 00:00,22.201226409873726
2025-05-25 01:00,18.635041188662292
2025-05-25 02:00,9.640254244284883
2025-05-25 03:00,8.352285648264061
2025-05-25 04:00,8.596931480574462
2025-05-25 05:00,3.7561533643786356
2025-05-25 06:00,2.160673859139078
2025-05-25 07:00,5.050846036864176
2025-05-25 08:00,5.025617503872409
2025-05-25 09:00,1.6553496172205509
2025-05-25 10:00,1.6746772008499797
2025-05-25 11:00,2.8636979199104795
2025-05-25 12:00,3.1679402512972996
2025-05-25 13:00,3.8663427543103013
2025-05-25 14:00,3.988876719747196
2025-05-25 15:00,5.059631800792147
2025-05-25 16:00,3.682399656757855
2025-05-25 17:00,3.5980983536848616
2025-05-25 18:00,2.722446473815649
2025-05-25 19:00,1.3388168154460276
2025-05-25 20:00,1.3016357454328105
2025-05-25 21:00,0.2907262576038492
2025-05-25 22:00,0.05659890257122441
2025-05-25 23:00,0.2977816940231516
2025-05-26 00:00,0.1574706062941048
2025-05-26 01:00,0.5681612338376594
2025-05-26 02:00,1.7509533102551704
2025-05-26 03:00,2.7818633201144505
2025-05-26 04:00,1.6689215778716346
2025-05-26 05:00,0.5824457798690842
2025-05-26 06:00,0.0
2025-05-26 07:00,0.0
2025-05-26 08:00,0.0
2025-05-26 09:00,3.540361541058268
2025-05-26 10:00,3.2469794057011536
2025-05-26 11:00,7.121334297720811
2025-05-26 12:00,6.7471759244258696
2025-05-26 13:00,7.301346409698381
2025-05-26 14:00,7.606512817870287
2025-05-26 15:00,7.332569541068988
2025-05-26 16:00,7.855626015678736
2025-05-26 17:00,5.564651544948587
2025-05-26 18:00,5.419629813530383
2025-05-26 19:00,4.500885871187251
2025-05-26 20:00,5.5398978728563115
2025-05-26 21:00,7.047212894146323
2025-05-26 22:00,11.686426768781619
2025-05-26 23:00,16.577490843956344
2025-05-27 00:00,6.081589569375989
2025-05-27 01:00,7.475943330137081
2025-05-27 02:00,10.577442619061802
2025-05-27 03:00,8.68221363050916
2025-05-27 04:00,6.398555382621126
2025-05-27 05:00,1.5244888023690955
2025-05-27 06:00,0.7169208045755033
2025-05-27 07:00,0.26200111943732285
2025-05-27 08:00,0.08518549375246093
2025-05-27 09:00,0.8549608211224946
2025-05-27 10:00,0.7092879013073354
2025-05-27 11:00,1.4023075457812937
2025-05-27 12:00,2.695515657999029
2025-05-27 13:00,3.7309445965289982
2025-05-27 14:00,4.318447054199206
2025-05-27 15:00,4.153119559608973
2025-05-27 16:00,3.0744732098943035
2025-05-27 17:00,3.8987577708877974
2025-05-27 18:00,3.1106638053232323
2025-05-27 19:00,2.330541903978657
2025-05-27 20:00,0.758945550445453
2025-05-27 21:00,0.9103650122084614
2025-05-27 22:00,1.0906056684082106
2025-05-27 23:00,0.052487736816813735
2025-05-28 00:00,0.07689064206989782
2025-05-28 01:00,0.08013254311380869
2025-05-28 02:00,0.07011368135806562
2025-05-28 03:00,0.2644814179624123
2025-05-28 04:00,0.0
2025-05-28 05:00,0.2931348364896105
2025-05-28 06:00,0.9401693609559669
2025-05-28 07:00,0.0
2025-05-28 08:00,0.0
2025-05-28 09:00,0.0
2025-05-28 10:00,0.0
2025-05-28 11:00,0.0
2025-05-28 12:00,1.0505185104177157
2025-05-28 13:00,4.253431609881037
2025-05-28 14:00,5.341943966638135
2025-05-28 15:00,4.731854562072616
2025-05-28 16:00,2.7073941494329157
2025-05-28 17:00,6.956580705405218
2025-05-28 18:00,1.698456462257636
2025-05-28 19:00,0.5675905529372787
2025-05-28 20:00,3.6638966282687195
2025-05-28 21:00,1.7988314213030057
2025-05-28 22:00,1.779377450506197
2025-05-28 23:00,0.785090174538891
2025-05-29 00:00,0.05637092064083965
2025-05-29 01:00,0.5155672526140713
2025-05-29 02:00,0.7439062995970742
2025-05-29 03:00,0.4965061367773247
2025-05-29 04:00,1.1052678215376939
2025-05-29 05:00,1.4115074851002534
2025-05-29 06:00,0.7333931519251689
2025-05-29 07:00,0.0
2025-05-29 08:00,0.0
2025-05-29 09:00,0.0
2025-05-29 10:00,0.0
2025-05-29 11:00,0.0622623424144359
2025-05-29 12:00,4.224857796140762
2025-05-29 13:00,6.1031243162179365
2025-05-29 14:00,14.572175650799272
2025-05-29 15:00,20.658561217063994
2025-05-29 16:00,23.048510459045985
2025-05-29 17:00,10.452449777804954
2025-05-29 18:00,5.347226663329389
2025-05-29 19:00,4.751949920938774
2025-05-29 20:00,2.3837941522366335
2025-05-29 21:00,2.347676204224381
2025-05-29 22:00,1.026824474908728
2025-05-29 23:00,1.5716716830643191
2025-05-30 00:00,1.1598643876988577
2025-05-30 01:00,0.616056973720976
2025-05-30 02:00,0.4638095083567888
2025-05-30 03:00,0.3522487199030975
2025-05-30 04:00,0.49762040442802136
2025-05-30 05:00,0.1616273882609015
2025-05-30 06:00,0.053694257276897694
2025-05-30 07:00,0.05966499623123134
2025-05-30 08:00,0.0
2025-05-30 09:00,0.0
2025-05-30 10:00,0.25123851843019096
2025-05-30 11:00,0.838531012497806
2025-05-30 12:00,2.7637237801809333
2025-05-30 13:00,3.869761417663598
2025-05-30 14:00,4.955996152173782
2025-05-30 15:00,3.6963574482284964
2025-05-30 16:00,7.403881820867696
2025-05-30 17:00,3.4587313911581323
2025-05-30 18:00,3.7082625762905868
2025-05-30 19:00,2.754393081011699
2025-05-30 20:00,0.16170772301363467
2025-05-30 21:00,0.7953740251686789
2025-05-30 22:00,0.522069547769543
2025-05-30 23:00,0.8337821793989055
2025-05-31 00:00,0.34416745419388417
2025-05-31 01:00,0.41538883780933844
2025-05-31 02:00,0.15835047856432838
2025-05-31 03:00,0.2834260089811812
2025-05-31 04:00,2.5828502642163804
2025-05-31 05:00,0.4513134907735805
2025-05-31 06:00,0.4190979030633116
2025-05-31 07:00,0.013477086515061798
2025-05-31 08:00,0.0
2025-05-31 09:00,0.0
2025-05-31 10:00,0.0
2025-05-31 11:00,0.013582403203336646
2025-05-31 12:00,0.48850710359473415
2025-05-31 13:00,2.7120142988854306
2025-05-31 14:00,3.7200448817370666
2025-05-31 15:00,2.9310879078459804
2025-05-31 16:00,2.774350256774131
2025-05-31 17:00,2.7544843691288383
2025-05-31 18:00,5.462201827676338
2025-05-31 19:00,6.94358998869126
2025-05-31 20:00,0.49769709653458616
2025-05-31 21:00,0.6499295038515223
2025-05-31 22:00,0.0
2025-05-31 23:00,0.6872078959462806
2025-06-01 00:00,0.4558576288840359
2025-06-01 01:00,0.2970240544154561
2025-06-01 02:00,0.534404738499261
2025-06-01 03:00,0.06778102724932877
2025-06-01 04:00,0.27873040385381675
2025-06-01 05:00,0.7712257157528575
2025-06-01 06:00,0.1306241199143281
2025-06-01 07:00,0.0
2025-06-01 08:00,0.0
2025-06-01 09:00,0.0
2025-06-01 10:00,0.0
2025-06-01 11:00,0.0
2025-06-01 12:00,0.0
2025-06-01 13:00,0.7906472913427369
2025-06-01 14:00,2.0585121460138267
2025-06-01 15:00,3.5857658736019675
2025-06-01 16:00,3.7512391685384423
2025-06-01 17:00,1.0998637409474055
2025-06-01 18:00,0.9223483366253942
2025-06-01 19:00,0.37704021762033313
2025-06-01 20:00,0.1292300599797634
2025-06-01 21:00,0.0
2025-06-01 22:00,0.49928582959918266
2025-06-01 23:00,0.6941496807043048
2025-06-02 00:00,0.7076779959366526
2025-06-02 01:00,0.2985610660606346
2025-06-02 02:00,0.21415676852792243
2025-06-02 03:00,0.15328202238395305
2025-06-02 04:00,0.0
2025-06-02 05:00,0.2246957697964007
2025-06-02 06:00,0.4826004050677599
2025-06-02 07:00,0.0
2025-06-02 08:00,0.0
2025-06-02 09:00,0.05999375178589561
2025-06-02 10:00,1.2318649195501281
2025-06-02 11:00,6.306640278213385
2025-06-02 12:00,3.010532958715616
2025-06-02 13:00,0.0
2025-06-02 14:00,0.10948214764556968
2025-06-02 15:00,0.22158076010604077
2025-06-02 16:00,1.0696774597482206
2025-06-02 17:00,3.3211307791294566
2025-06-02 18:00,4.33602774322458
2025-06-02 19:00,1.8025189817285292
2025-06-02 20:00,3.456001035893473
2025-06-02 21:00,4.097890012674146
2025-06-02 22:00,2.1434096861390954
2025-06-02 23:00,1.9651223880214346
2025-06-03 00:00,1.4936260631365395
2025-06-03 01:00,2.897176230805903
2025-06-03 02:00,3.242017395228087
2025-06-03 03:00,3.939998101329223
2025-06-03 04:00,4.120180046492662
2025-06-03 05:00,3.413874803303313
2025-06-03 06:00,2.800216445275598
2025-06-03 07:00,8.70849566106714
2025-06-03 08:00,13.787587904350874
2025-06-03 09:00,7.276886104791853
2025-06-03 10:00,5.018034157452282
2025-06-03 11:00,3.01564481033786
2025-06-03 12:00,3.0841979336148477
2025-06-03 13:00,13.138965139473768
2025-06-03 14:00,21.895214240999255
2025-06-03 15:00,15.182771516658459
2025-06-03 16:00,10.026693462812073
2025-06-03 17:00,7.820011257228812
2025-06-03 18:00,4.641338854100015
2025-06-03 19:00,2.7503040715315543
2025-06-03 20:00,2.313585254045866
2025-06-03 21:00,6.536836586521902
2025-06-03 22:00,12.23536646588986
2025-06-03 23:00,11.211442621395062
2025-06-04 00:00,15.464563854791818
2025-06-04 01:00,15.569771265592298
2025-06-04 02:00,21.615455335623096
2025-06-04 03:00,26.106099307230508
2025-06-04 04:00,23.39229986089851
2025-06-04 05:00,20.234243170756343
2025-06-04 06:00,19.199925790282784
2025-06-04 07:00,22.40077431741988
2025-06-04 08:00,24.97770083499522
2025-06-04 09:00,21.924616945196874
2025-06-04 10:00,16.857369028738262
2025-06-04 11:00,11.48656593262492
2025-06-04 12:00,9.016414753063792
2025-06-04 13:00,2.771001887017406
2025-06-04 14:00,11.608008629259707
2025-06-04 15:00,14.44957634272272
2025-06-04 16:00,12.301879777343629
2025-06-04 17:00,12.559966884947334
2025-06-04 18:00,3.5105629019866127
2025-06-04 19:00,6.204204210375865
2025-06-04 20:00,3.9904231182626835
2025-06-04 21:00,2.939200867656408
2025-06-04 22:00,2.496812660394069
2025-06-04 23:00,2.9290111432935935
2025-06-05 00:00,2.5201915873679197
2025-06-05 01:00,2.066159018976717
2025-06-05 02:00,3.723933024577638
2025-06-05 03:00,4.181746454999768
2025-06-05 04:00,0.6649516837612071
2025-06-05 05:00,6.691459636791331
2025-06-05 06:00,3.2416706933134196
2025-06-05 07:00,2.455663768756193
2025-06-05 08:00,0.20904646400212779
2025-06-05 09:00,0.0
2025-06-05 10:00,0.25665407306091503
2025-06-05 11:00,0.42456868983174767
2025-06-05 12:00,0.8256657000627436
2025-06-05 13:00,2.0872051357445898
2025-06-05 14:00,4.163082999906683
2025-06-05 15:00,6.866407868527515
2025-06-05 16:00,8.329522991647714
2025-06-05 17:00,10.832095041261397
2025-06-05 18:00,9.436754249127148
2025-06-05 19:00,11.724095834622986
2025-06-05 20:00,17.0975511652277
2025-06-05 21:00,26.75395668557809
2025-06-05 22:00,35.17207186221898
2025-06-05 23:00,33.79386884781986
2025-06-06 00:00,20.350606133461667
2025-06-06 01:00,22.39678217094824
2025-06-06 02:00,28.85053572938302
2025-06-06 03:00,33.36569692003628
2025-06-06 04:00,32.16470257790081
2025-06-06 05:00,22.46764678765507
2025-06-06 06:00,22.19826845172871
2025-06-06 07:00,19.855287131088332
2025-06-06 08:00,23.583812021337167
2025-06-06 09:00,26.492412567908175
2025-06-06 10:00,15.788075894338157
2025-06-06 11:00,18.448147396814555
2025-06-06 12:00,19.5422396553304
2025-06-06 13:00,15.633519103192016
2025-06-06 14:00,11.82494522704857
2025-06-06 15:00,17.490479689339068
2025-06-06 16:00,19.1807361119235
2025-06-06 17:00,12.063091391078064
2025-06-06 18:00,17.20038231228163
2025-06-06 19:00,5.559612017528115
2025-06-06 20:00,3.67018928817324
2025-06-06 21:00,0.7037435385128354
2025-06-06 22:00,3.9436201677884077
2025-06-06 23:00,5.678611620755342
2025-06-07 00:00,22.2133348563786
2025-06-07 01:00,15.857583166272114
2025-06-07 02:00,7.816225354874145
2025-06-07 03:00,7.784290285479788
2025-06-07 04:00,9.211317600777882
2025-06-07 05:00,5.239566748335841
2025-06-07 06:00,4.613241818915116
2025-06-07 07:00,1.5957520448930838
2025-06-07 08:00,1.8499124984059034
2025-06-07 09:00,10.781241928266395
2025-06-07 10:00,11.491170975752866
2025-06-07 11:00,15.39523622796813
2025-06-07 12:00,13.962609204805172
2025-06-07 13:00,11.35997068384599
2025-06-07 14:00,9.643995589805584
2025-06-07 15:00,6.4928152450871295
2025-06-07 16:00,8.947012905423904
2025-06-07 17:00,8.296451274523065
2025-06-07 18:00,6.8203874475026804
2025-06-07 19:00,3.8387588422810768
2025-06-07 20:00,0.5318801847453436
2025-06-07 21:00,0.37450398009919805
2025-06-07 22:00,0.0
2025-06-07 23:00,0.0
2025-06-08 00:00,0.0
2025-06-08 01:00,0.0
2025-06-08 02:00,0.0
2025-06-08 03:00,0.02201816340056284
2025-06-08 04:00,0.0
2025-06-08 05:00,0.052036223175694174
2025-06-08 06:00,0.3609429995275173
2025-06-08 07:00,0.009099740068369777
2025-06-08 08:00,0.0
2025-06-08 09:00,0.0
2025-06-08 10:00,0.0
2025-06-08 11:00,0.0
2025-06-08 12:00,0.0
2025-06-08 13:00,0.8073701322428284
2025-06-08 14:00,0.9218226948395931
2025-06-08 15:00,2.692262650684317
2025-06-08 16:00,5.212489412728562
2025-06-08 17:00,4.063150831812175
2025-06-08 18:00,1.4472248910415506
2025-06-08 19:00,2.1620717087622237
2025-06-08 20:00,1.3226831264772623
2025-06-08 21:00,0.21724993131249426
2025-06-08 22:00,0.09078235567287701
2025-06-08 23:00,0.0
2025-06-09 00:00,1.0019514863432135
2025-06-09 01:00,0.353657031398092
2025-06-09 02:00,0.0
2025-06-09 03:00,0.0
2025-06-09 04:00,0.4748742977084912
2025-06-09 05:00,0.04842922082135459
2025-06-09 06:00,0.24524058444306707
2025-06-09 07:00,0.1104862573292264
2025-06-09 08:00,0.0
2025-06-09 09:00,0.0
2025-06-09 10:00,0.0464531150085169
2025-06-09 11:00,0.0
2025-06-09 12:00,0.0
2025-06-09 13:00,1.0052330484844914
2025-06-09 14:00,1.1816554640513701
2025-06-09 15:00,2.436971038606575
2025-06-09 16:00,2.7189524980201694
2025-06-09 17:00,3.730383959054931
2025-06-09 18:00,2.7737102084347964
2025-06-09 19:00,1.2058581131634856
2025-06-09 20:00,0.0
2025-06-09 21:00,0.07046813359139903
2025-06-09 22:00,0.0
2025-06-09 23:00,0.0
2025-06-10 00:00,0.0
2025-06-10 01:00,0.0
2025-06-10 02:00,0.0
2025-06-10 03:00,0.6834249411987054
2025-06-10 04:00,15.169480289802063
2025-06-10 05:00,5.55091615477196
2025-06-10 06:00,1.819068845805265
2025-06-10 07:00,11.499785309502798
2025-06-10 08:00,5.019098404982074
2025-06-10 09:00,0.040396365777691734
2025-06-10 10:00,0.012633307324289023
2025-06-10 11:00,0.0
2025-06-10 12:00,8.612366183898024
2025-06-10 13:00,3.8397859812022435
2025-06-10 14:00,3.8357595994139024
2025-06-10 15:00,9.444913716079363
2025-06-10 16:00,8.972441690731952
2025-06-10 17:00,2.789938691572726
2025-06-10 18:00,1.4946735397095088
2025-06-10 19:00,0.11094849771955428
2025-06-10 20:00,0.0
2025-06-10 21:00,0.0
2025-06-10 22:00,0.0
2025-06-10 23:00,0.2803787104979567
2025-06-11 00:00,0.8296650803076542
2025-06-11 01:00,0.05125170032350612
2025-06-11 02:00,1.3933020408381143
2025-06-11 03:00,2.914573825071581
2025-06-11 04:00,3.3121461933703675
2025-06-11 05:00,1.9008713687437666
2025-06-11 06:00,1.0278309519692588
2025-06-11 07:00,0.06264329636012711
2025-06-11 08:00,0.0
2025-06-11 09:00,0.1452383651284691
2025-06-11 10:00,1.213426847782808
2025-06-11 11:00,2.3457821325991173
2025-06-11 12:00,3.1946311970237864
2025-06-11 13:00,4.1067031934797065
2025-06-11 14:00,6.862333752558358
2025-06-11 15:00,9.827716827201405
2025-06-11 16:00,9.359805659781653
2025-06-11 17:00,11.391878512138511
2025-06-11 18:00,6.836660936000525
2025-06-11 19:00,3.292928825453688
2025-06-11 20:00,4.08884139417048
2025-06-11 21:00,1.7372284545529508
2025-06-11 22:00,0.6000290026027106
2025-06-11 23:00,0.12123737351158337
2025-06-12 00:00,0.27377784199804434
2025-06-12 01:00,0.0
2025-06-12 02:00,0.0
2025-06-12 03:00,0.05887895081323885
2025-06-12 04:00,0.7217024410654602
2025-06-12 05:00,0.312539604100149
2025-06-12 06:00,0.1567987642048304
2025-06-12 07:00,0.0
2025-06-12 08:00,0.0
2025-06-12 09:00,0.10298573302518416
2025-06-12 10:00,0.0
2025-06-12 11:00,0.0
2025-06-12 12:00,0.0
2025-06-12 13:00,0.0
2025-06-12 14:00,0.0
2025-06-12 15:00,0.5211547523651319
2025-06-12 16:00,4.782858380379807
2025-06-12 17:00,2.171120042349471
2025-06-12 18:00,4.1626517682261746
2025-06-12 19:00,7.478586714562516
2025-06-12 20:00,1.3187618515803594
2025-06-12 21:00,0.6874246351062467
2025-06-12 22:00,0.09332160244526994
2025-06-12 23:00,0.0
2025-06-13 00:00,0.0
2025-06-13 01:00,0.0
2025-06-13 02:00,0.0
2025-06-13 03:00,0.0
2025-06-13 04:00,0.072806878696207
2025-06-13 05:00,0.24460309111551104
2025-06-13 06:00,0.9906598813298124
2025-06-13 07:00,2.357820045916433
2025-06-13 08:00,0.0
2025-06-13 09:00,1.5818780895951754
2025-06-13 10:00,0.6475844437315332
2025-06-13 11:00,0.8458873492151797
2025-06-13 12:00,0.896133718312405
2025-06-13 13:00,8.876932749364702
2025-06-13 14:00,5.010860616488506
2025-06-13 15:00,12.958500194284646
2025-06-13 16:00,12.367719169604715
2025-06-13 17:00,1.9481807110271587
2025-06-13 18:00,5.076681869062099
2025-06-13 19:00,8.638803838342893
2025-06-13 20:00,4.493355825974483
2025-06-13 21:00,17.769554249186235
2025-06-13 22:00,21.487444971824885
2025-06-13 23:00,18.98947766090295
2025-06-14 00:00,3.6877881419861995
2025-06-14 01:00,6.6945496159519475
2025-06-14 02:00,11.173436901392227
2025-06-14 03:00,9.923127400341833
2025-06-14 04:00,20.261120672006637
2025-06-14 05:00,21.033220180641827
2025-06-14 06:00,25.65172683233888
2025-06-14 07:00,21.95977095276569
2025-06-14 08:00,11.74095264532248
2025-06-14 09:00,14.139377422598876
2025-06-14 10:00,16.715258204283995
2025-06-14 11:00,14.73780647001907
2025-06-14 12:00,15.002591515271654
2025-06-14 13:00,10.88111716302101
2025-06-14 14:00,13.121323912645998
2025-06-14 15:00,14.112013882755695
2025-06-14 16:00,14.799996485468721
2025-06-14 17:00,11.499197956330635
2025-06-14 18:00,6.973079466874724
2025-06-14 19:00,7.241466124255725
2025-06-14 20:00,8.129849094191327
2025-06-14 21:00,1.5799994988990558
2025-06-14 22:00,0.752628143028073
2025-06-14 23:00,1.0568109686334752
2025-06-15 00:00,6.6440612425813175
2025-06-15 01:00,4.292956087509362
2025-06-15 02:00,1.5613052075028082
2025-06-15 03:00,1.1151285646437503
2025-06-15 04:00,2.215647389929499
2025-06-15 05:00,5.308606230198885
2025-06-15 06:00,1.4141552704343363
2025-06-15 07:00,7.4446671001441125
2025-06-15 08:00,6.410770791364474
2025-06-15 09:00,2.556355673120728
2025-06-15 10:00,2.4870979494086622
2025-06-15 11:00,5.301806802184819
2025-06-15 12:00,18.635414370665153
2025-06-15 13:00,21.65953041380369
2025-06-15 14:00,20.681791402219382
2025-06-15 15:00,29.787779956048524
2025-06-15 16:00,25.166731288782294
2025-06-15 17:00,37.03413800506507
2025-06-15 18:00,36.85210875968636
2025-06-15 19:00,38.677014771823956
2025-06-15 20:00,41.41156933773694
2025-06-15 21:00,43.09030627711326
2025-06-15 22:00,44.14120145909521
2025-06-15 23:00,41.36224266216836
2025-06-16 00:00,39.97963594086045
2025-06-16 01:00,37.202343665012
2025-06-16 02:00,40.01426309735225
2025-06-16 03:00,39.54610944615796
2025-06-16 04:00,38.133247691524346
2025-06-16 05:00,33.59065452178439
2025-06-16 06:00,26.83896308877251
2025-06-16 07:00,31.48950096991248
2025-06-16 08:00,35.06765454863136
2025-06-16 09:00,35.396917886903715
2025-06-16 10:00,28.66190935502874
2025-06-16 11:00,39.5097575719554
2025-06-16 12:00,34.43210371605554
2025-06-16 13:00,37.11517515936192
2025-06-16 14:00,38.00503282900038
2025-06-16 15:00,42.749482535869554
2025-06-16 16:00,45.09846184477255
2025-06-16 17:00,46.98457174192197
2025-06-16 18:00,46.16887211404166
2025-06-16 19:00,42.27081385149098
2025-06-16 20:00,39.13534818337524
2025-06-16 21:00,37.719643979524385
2025-06-16 22:00,35.654691578493605
2025-06-16 23:00,35.06280712716445
2025-06-17 00:00,33.087447923490146
2025-06-17 01:00,35.674648425536624
2025-06-17 02:00,36.80678347507362
2025-06-17 03:00,36.48717489813304
2025-06-17 04:00,41.1159594607281
2025-06-17 05:00,42.73882630938957
2025-06-17 06:00,39.18054401959264
2025-06-17 07:00,38.5657122570917
2025-06-17 08:00,40.7843940201059
2025-06-17 09:00,39.92093170176133
2025-06-17 10:00,40.749170356386465
2025-06-17 11:00,41.50750525871431
2025-06-17 12:00,33.88321454816349
2025-06-17 13:00,31.304328586642416
2025-06-17 14:00,31.97866001576518
2025-06-17 15:00,33.742894845735236
2025-06-17 16:00,32.94906881363281
2025-06-17 17:00,31.734564995748478
2025-06-17 18:00,34.65543259690581
2025-06-17 19:00,34.36821605095363
2025-06-17 20:00,27.07894417967401
2025-06-17 21:00,21.820795929563058
2025-06-17 22:00,18.093870588300387
2025-06-17 23:00,16.70572697175504
2025-06-18 00:00,14.44407236995505
2025-06-18 01:00,17.839347484577566
2025-06-18 02:00,16.087704707867747
2025-06-18 03:00,9.60576880160141
2025-06-18 04:00,5.445099794764518
2025-06-18 05:00,3.8442658469905635
2025-06-18 06:00,2.9136281353079156
2025-06-18 07:00,1.9390295239536224
2025-06-18 08:00,0.14884260083019774
2025-06-18 09:00,0.0
2025-06-18 10:00,0.0
2025-06-18 11:00,0.0
2025-06-18 12:00,0.004753700267277339
2025-06-18 13:00,0.3467908600372662
2025-06-18 14:00,0.3291249973364836
2025-06-18 15:00,1.2936630310924064
2025-06-18 16:00,2.8131016482128794
2025-06-18 17:00,0.9590747609831016
2025-06-18 18:00,0.19094013186687453
2025-06-18 19:00,1.556305963266852
2025-06-18 20:00,0.0
2025-06-18 21:00,0.14128906771702543
2025-06-18 22:00,0.16890238138826108
2025-06-18 23:00,0.4437705462997418
2025-06-19 00:00,0.053598069613835175
2025-06-19 01:00,1.0318605141327208
2025-06-19 02:00,1.4178293974074865
2025-06-19 03:00,1.5253423243502644
2025-06-19 04:00,0.1547583624672424
2025-06-19 05:00,0.0
2025-06-19 06:00,0.08676984028120954
2025-06-19 07:00,0.10462740882574367
2025-06-19 08:00,0.0
2025-06-19 09:00,0.1259634542236417
2025-06-19 10:00,0.0
2025-06-19 11:00,0.17128071470536088
2025-06-19 12:00,0.14002869157232112
2025-06-19 13:00,1.3244447303938602
2025-06-19 14:00,2.5718867911611656
2025-06-19 15:00,7.072584613858034
2025-06-19 16:00,14.714375792626974
2025-06-19 17:00,24.07948305910587
2025-06-19 18:00,15.469024483302814
2025-06-19 19:00,15.899846972419184
2025-06-19 20:00,21.643007400287942
2025-06-19 21:00,31.10624148204956
2025-06-19 22:00,20.507694161218236
2025-06-19 23:00,21.61821420439862
2025-06-20 00:00,35.2693198113873
2025-06-20 01:00,38.58347320501425
2025-06-20 02:00,40.21983012360643
2025-06-20 03:00,36.242132628479574
2025-06-20 04:00,30.986813375532453
2025-06-20 05:00,30.17124318081895
2025-06-20 06:00,34.321837063781494
2025-06-20 07:00,43.606267337433415
2025-06-20 08:00,42.492037365352665
2025-06-20 09:00,44.33750762576769
2025-06-20 10:00,43.438002619759324
2025-06-20 11:00,41.049118053025886
2025-06-20 12:00,40.50532275873685
2025-06-20 13:00,39.591485642263564
2025-06-20 14:00,42.064838853639934
2025-06-20 15:00,41.28657682206219
2025-06-20 16:00,46.41224898207524
2025-06-20 17:00,46.3554720815791
2025-06-20 18:00,43.379404351717476
2025-06-20 19:00,46.21383937079237
2025-06-20 20:00,44.24629045315543
2025-06-20 21:00,42.93279484634913
2025-06-20 22:00,44.14468102608388
2025-06-20 23:00,42.08620535360016
2025-06-21 00:00,40.444250640073435
2025-06-21 01:00,39.64052431156748
2025-06-21 02:00,33.483888723522305
2025-06-21 03:00,36.48882545355266
2025-06-21 04:00,37.49711323718158
2025-06-21 05:00,37.71790099589732
2025-06-21 06:00,36.74934780816296
2025-06-21 07:00,39.062161591296395
2025-06-21 08:00,40.9230302931881
2025-06-21 09:00,35.95540425609076
2025-06-21 10:00,38.32370874549603
2025-06-21 11:00,30.37357510466735
2025-06-21 12:00,18.682626612046853
2025-06-21 13:00,17.360677999955684
2025-06-21 14:00,18.303131681302613
2025-06-21 15:00,29.238119622384893
2025-06-21 16:00,41.446047047285184
2025-06-21 17:00,15.208618023443803
2025-06-21 18:00,18.103046143111236
2025-06-21 19:00,5.415533549427
2025-06-21 20:00,0.8771073271502519
2025-06-21 21:00,0.705139442703367
2025-06-21 22:00,1.3003856315872468
2025-06-21 23:00,1.1221142752241882
2025-06-22 00:00,2.765336184524213
2025-06-22 01:00,0.0
2025-06-22 02:00,0.0
2025-06-22 03:00,0.10650813607623266
2025-06-22 04:00,0.060941779806693186
2025-06-22 05:00,0.0
2025-06-22 06:00,0.37656982127796057
2025-06-22 07:00,0.0970749162795384
2025-06-22 08:00,0.19587281367283071
2025-06-22 09:00,0.048172261784235726
2025-06-22 10:00,0.0
2025-06-22 11:00,0.0
2025-06-22 12:00,0.0
2025-06-22 13:00,0.5956420363633059
2025-06-22 14:00,0.9985582990616961
2025-06-22 15:00,0.9475004530006079
2025-06-22 16:00,0.9113672762486358
2025-06-22 17:00,0.583559570191616
2025-06-22 18:00,0.13435848442845255
2025-06-22 19:00,0.0
2025-06-22 20:00,0.0
2025-06-22 21:00,0.0
2025-06-22 22:00,0.0
2025-06-22 23:00,0.1470327347333129
2025-06-23 00:00,0.0
2025-06-23 01:00,0.0
2025-06-23 02:00,0.0
2025-06-23 03:00,0.0
2025-06-23 04:00,0.0
2025-06-23 05:00,0.811275393740988
2025-06-23 06:00,0.0
2025-06-23 07:00,0.0
2025-06-23 08:00,0.0
2025-06-23 09:00,0.0
2025-06-23 10:00,0.18375398644647478
2025-06-23 11:00,0.0
2025-06-23 12:00,0.4997182292882866
2025-06-23 13:00,0.3249110081796749
2025-06-23 14:00,0.6541085384570395
2025-06-23 15:00,1.4873094181798188
2025-06-23 16:00,1.7162405513863934
2025-06-23 17:00,0.9513882607721373
2025-06-23 18:00,0.6363520274988673
2025-06-23 19:00,0.8188016769729747
2025-06-23 20:00,1.5451358114966962
2025-06-23 21:00,12.791249573330791
2025-06-23 22:00,5.303945424269163
2025-06-23 23:00,0.30057054696948526
2025-06-24 00:00,0.0
2025-06-24 01:00,1.63353996499973
2025-06-24 02:00,0.43846133002934784
2025-06-24 03:00,0.0
2025-06-24 04:00,0.3649742635854434
2025-06-24 05:00,0.8912033512281496
2025-06-24 06:00,0.0
2025-06-24 07:00,0.0
2025-06-24 08:00,0.7569786146071509
2025-06-24 09:00,0.8807318551928516
2025-06-24 10:00,0.34263360583494107
2025-06-24 11:00,0.31866455150265527
2025-06-24 12:00,0.6601282038373106
2025-06-24 13:00,0.3598255859132976
2025-06-24 14:00,0.33462157027663497
2025-06-24 15:00,0.4095333434368128
2025-06-24 16:00,0.27838422588761735
2025-06-24 17:00,0.5539990012852087
2025-06-24 18:00,0.8356561172346653
2025-06-24 19:00,1.0550504378939565
2025-06-24 20:00,1.7207697622669187
2025-06-24 21:00,2.3967330256653123
2025-06-24 22:00,0.6664462296335731
2025-06-24 23:00,1.0213547403141803
2025-06-25 00:00,0.7799134403430816
2025-06-25 01:00,0.7698291105210584
2025-06-25 02:00,0.3164919333124232
2025-06-25 03:00,0.42823818543946346
2025-06-25 04:00,1.0039317808962447
2025-06-25 05:00,1.1948141042180835
2025-06-25 06:00,2.2398852795819755
2025-06-25 07:00,9.145150211266564
2025-06-25 08:00,9.500104261863928
2025-06-25 09:00,6.00546427297418
2025-06-25 10:00,6.776092227414445
2025-06-25 11:00,4.233138147356746
2025-06-25 12:00,10.021346752314564
2025-06-25 13:00,11.135998293717073
2025-06-25 14:00,7.061727793273047
2025-06-25 15:00,10.495272892982971
2025-06-25 16:00,17.417675171800727
2025-06-25 17:00,24.028605957351452
2025-06-25 18:00,24.735159417442414
2025-06-25 19:00,26.630788765305347
2025-06-25 20:00,30.284132005978744
2025-06-25 21:00,19.839926260324255
2025-06-25 22:00,13.862560306760809
2025-06-25 23:00,17.301634262442526
2025-06-26 00:00,14.069720128821434
2025-06-26 01:00,11.41729614855156
2025-06-26 02:00,13.242942818937397
2025-06-26 03:00,6.436836767174194
2025-06-26 04:00,9.905180555642598
2025-06-26 05:00,3.4164512501646525
2025-06-26 06:00,6.1343377357174536
2025-06-26 07:00,6.983565492795636
2025-06-26 08:00,1.7928176061636938
2025-06-26 09:00,0.543695099388527
2025-06-26 10:00,0.0
2025-06-26 11:00,0.0
2025-06-26 12:00,0.0
2025-06-26 13:00,0.0741088810680618
2025-06-26 14:00,0.2797938348264938
2025-06-26 15:00,1.1309305602030955
2025-06-26 16:00,0.4457914076805075
2025-06-26 17:00,0.5833165565633495
2025-06-26 18:00,0.6134791384960967
2025-06-26 19:00,0.9260104854431441
2025-06-26 20:00,0.360955423369803
2025-06-26 21:00,0.0887832927215933
2025-06-26 22:00,0.5378407670813187
2025-06-26 23:00,1.4771459841271246
2025-06-27 00:00,0.5189479026219682
2025-06-27 01:00,0.20476614377946056
2025-06-27 02:00,0.2079568913319214
2025-06-27 03:00,2.5737795799916854
2025-06-27 04:00,0.6352586422313722
2025-06-27 05:00,0.8997955891130474
2025-06-27 06:00,0.1380447507052993
2025-06-27 07:00,0.7875361029944965
2025-06-27 08:00,1.1495447575266198
2025-06-27 09:00,0.3736589638421327
2025-06-27 10:00,0.9924371534016707
2025-06-27 11:00,1.0179729426377522
2025-06-27 12:00,1.461697856566294
2025-06-27 13:00,0.9685022831567931
2025-06-27 14:00,0.5200073744535308
2025-06-27 15:00,0.6814060581371411
2025-06-27 16:00,0.9928915689610103
2025-06-27 17:00,0.6509027719728826
2025-06-27 18:00,2.059226737189913
2025-06-27 19:00,2.2064049080124595
2025-06-27 20:00,1.7903734759717143
2025-06-27 21:00,1.6175415702640772
2025-06-27 22:00,1.7712501679873442
2025-06-27 23:00,2.911564704272345
2025-06-28 00:00,9.48745321376753
2025-06-28 01:00,9.392097166329863
2025-06-28 02:00,11.901398343014307
2025-06-28 03:00,4.268426433508115
2025-06-28 04:00,3.8391868240749925
2025-06-28 05:00,1.89364151811214
2025-06-28 06:00,3.984831149290963
2025-06-28 07:00,9.551899154669155
2025-06-28 08:00,5.767768649578507
2025-06-28 09:00,8.778986072552334
2025-06-28 10:00,7.189466041481623
2025-06-28 11:00,8.4250735655727
2025-06-28 12:00,8.20195508974476
2025-06-28 13:00,9.48688177414209
2025-06-28 14:00,12.797997144607518
2025-06-28 15:00,8.080405464914268
2025-06-28 16:00,14.856803653063606
2025-06-28 17:00,16.764151045655012
2025-06-28 18:00,16.870351020699243
2025-06-28 19:00,17.88623052200183
2025-06-28 20:00,8.506307576077749
2025-06-28 21:00,11.20159039091121
2025-06-28 22:00,9.654611385431474
2025-06-28 23:00,4.22815372904822
2025-06-29 00:00,9.566490821388097
2025-06-29 01:00,7.486531058361184
2025-06-29 02:00,8.395286576413811
2025-06-29 03:00,9.447252233909808
2025-06-29 04:00,2.910852810796022
2025-06-29 05:00,1.3470502461098948
2025-06-29 06:00,0.4125054673753812
2025-06-29 07:00,2.7786158687854927
2025-06-29 08:00,8.125689593819938
2025-06-29 09:00,8.218436021973147
2025-06-29 10:00,8.698992419788926
2025-06-29 11:00,7.703101830208533
2025-06-29 12:00,6.1296906319133395
2025-06-29 13:00,8.385265233697957
2025-06-29 14:00,14.018788876968191
2025-06-29 15:00,13.825753780908272
2025-06-29 16:00,18.156240858008694
2025-06-29 17:00,23.54832684105341
2025-06-29 18:00,15.947358545447234
2025-06-29 19:00,16.391012093777714
2025-06-29 20:00,9.006158134852972
2025-06-29 21:00,3.0053152919131443
2025-06-29 22:00,2.455133600955832
2025-06-29 23:00,1.6945901763029725
2025-06-30 00:00,3.5446827601380058
2025-06-30 01:00,2.2355957876551833
2025-06-30 02:00,0.5695210733300589
2025-06-30 03:00,0.6053557113484992
2025-06-30 04:00,0.6630790696892872
2025-06-30 05:00,0.3196537401056354
2025-06-30 06:00,0.5072820228794563
2025-06-30 07:00,0.875919131730263
2025-06-30 08:00,0.5037762895572739
2025-06-30 09:00,0.9189371798469943
2025-06-30 10:00,2.3293570847920875
2025-06-30 11:00,3.0058975589758217
2025-06-30 12:00,4.989912636351718
2025-06-30 13:00,8.1948326679369
2025-06-30 14:00,3.7386983133057954
2025-06-30 15:00,6.877272621186046
2025-06-30 16:00,11.365349742804124
2025-06-30 17:00,8.91593893425378
2025-06-30 18:00,5.400413590463026
2025-06-30 19:00,2.990922441766354
2025-06-30 20:00,2.8018181043689228
2025-06-30 21:00,2.353212435140805
2025-06-30 22:00,1.801984908901654
2025-06-30 23:00,1.1673069121040207
2025-07-01 00:00,2.5057653119392045
2025-07-01 01:00,0.9826138261002249
2025-07-01 02:00,4.344502677331077
2025-07-01 03:00,3.955474231777098
2025-07-01 04:00,5.129106144163279
2025-07-01 05:00,7.087627305499771
2025-07-01 06:00,2.349705831212327
2025-07-01 07:00,3.476589299235922
2025-07-01 08:00,2.4933437682306
2025-07-01 09:00,6.928306961719652
2025-07-01 10:00,7.40412999861479
2025-07-01 11:00,7.610020542960971
2025-07-01 12:00,7.563312784743301
2025-07-01 13:00,5.533444901571507
2025-07-01 14:00,4.742326008338919
2025-07-01 15:00,5.27112034841379
2025-07-01 16:00,5.94667855008424
2025-07-01 17:00,8.174764789706316
2025-07-01 18:00,7.093449558773816
2025-07-01 19:00,7.629017200212411
2025-07-01 20:00,1.6993818293380696
2025-07-01 21:00,1.2517104432790453
2025-07-01 22:00,2.312268557258341
2025-07-01 23:00,1.897087099946419
2025-07-02 00:00,4.621600999843654
2025-07-02 01:00,7.518297253146249
2025-07-02 02:00,8.618871983420616
2025-07-02 03:00,9.050775169937562
2025-07-02 04:00,6.572628417147504
2025-07-02 05:00,4.059792720205403
2025-07-02 06:00,4.57575605048393
2025-07-02 07:00,10.579670996298715
2025-07-02 08:00,9.453239166748297
2025-07-02 09:00,13.399173319703337
2025-07-02 10:00,8.442009212574717
2025-07-02 11:00,8.727951311227095
2025-07-02 12:00,11.5337734985988
2025-07-02 13:00,12.276882575189386
2025-07-02 14:00,12.43837674433139
2025-07-02 15:00,6.225354989204305
2025-07-02 16:00,3.9225291540405487
2025-07-02 17:00,5.496914768289523
2025-07-02 18:00,4.956929622041196
2025-07-02 19:00,6.477528907627413
2025-07-02 20:00,3.1113000272785007
2025-07-02 21:00,1.270832429757892
2025-07-02 22:00,3.4672163975014394
2025-07-02 23:00,3.5534745847741402
2025-07-03 00:00,4.853279136926146
2025-07-03 01:00,5.5836577385502455
2025-07-03 02:00,8.456836592605553
2025-07-03 03:00,6.368977711068881
2025-07-03 04:00,12.224490421560116
2025-07-03 05:00,11.603444388570068
2025-07-03 06:00,10.647706152931988
2025-07-03 07:00,6.4553384600792985
2025-07-03 08:00,12.109626270797866
2025-07-03 09:00,8.18174758909316
2025-07-03 10:00,12.912613095182842
2025-07-03 11:00,12.805457481653193
2025-07-03 12:00,11.223533053287902
2025-07-03 13:00,10.682731049485852
2025-07-03 14:00,9.785056195829291
2025-07-03 15:00,8.698561065333969
2025-07-03 16:00,9.612973040544555
2025-07-03 17:00,11.512465153429183
2025-07-03 18:00,14.930942876190421
2025-07-03 19:00,13.47827875887614
2025-07-03 20:00,8.824063646114123
2025-07-03 21:00,14.05822476282329
2025-07-03 22:00,11.114021144518986
2025-07-03 23:00,11.46120515181412
2025-07-04 00:00,11.966227041812086
2025-07-04 01:00,19.875149240467092
2025-07-04 02:00,24.69165880469729
2025-07-04 03:00,28.8910726794727
2025-07-04 04:00,30.538208625367794
2025-07-04 05:00,30.06025543288736
2025-07-04 06:00,23.360828189415344
2025-07-04 07:00,27.583325221544392
2025-07-04 08:00,36.50765522974152
2025-07-04 09:00,31.34904938736177
2025-07-04 10:00,26.729309566441586
2025-07-04 11:00,20.698073721486296
2025-07-04 12:00,30.846173729036046
2025-07-04 13:00,26.692759648097734
2025-07-04 14:00,20.675927872883904
2025-07-04 15:00,20.217171299827818
2025-07-04 16:00,27.889453163938704
2025-07-04 17:00,24.45761117900627
2025-07-04 18:00,30.583834562583007
2025-07-04 19:00,32.09578526543708
2025-07-04 20:00,40.11031281570855
2025-07-04 21:00,23.408711151376774
2025-07-04 22:00,22.388457477023888
2025-07-04 23:00,20.15636237569766
2025-07-05 00:00,16.80668826650728
2025-07-05 01:00,22.927101637909097
2025-07-05 02:00,20.326201061233736
2025-07-05 03:00,22.154769817189614
2025-07-05 04:00,15.600509024811476
2025-07-05 05:00,14.810138575665833
2025-07-05 06:00,16.037939007896572
2025-07-05 07:00,24.451583357279475
2025-07-05 08:00,30.61775423339418
2025-07-05 09:00,26.19222563097726
2025-07-05 10:00,21.578653276833414
2025-07-05 11:00,17.659865631533286
2025-07-05 12:00,16.334743489494688
2025-07-05 13:00,20.664980134878924
2025-07-05 14:00,17.758663767284155
2025-07-05 15:00,16.193995980845504
2025-07-05 16:00,11.354555647364935
2025-07-05 17:00,16.929980311603956
2025-07-05 18:00,23.77957937392916
2025-07-05 19:00,26.934762285351074
2025-07-05 20:00,20.864657181477256
2025-07-05 21:00,16.898443989389726
2025-07-05 22:00,15.632480470976416
2025-07-05 23:00,17.22305231647448
2025-07-06 00:00,12.71232159213086
2025-07-06 01:00,19.767793454845144
2025-07-06 02:00,24.458146775310553
2025-07-06 03:00,19.855642950050125
2025-07-06 04:00,12.937871453105316
2025-07-06 05:00,8.601965779090163
2025-07-06 06:00,11.627645245431392
2025-07-06 07:00,18.57092036868164
2025-07-06 08:00,16.96216023171573
2025-07-06 09:00,10.421672461103938
2025-07-06 10:00,6.655490391645635
2025-07-06 11:00,5.086232068884737
2025-07-06 12:00,6.130586981749028
2025-07-06 13:00,7.778908161050319
2025-07-06 14:00,8.28478529103434
2025-07-06 15:00,6.825091683237286
2025-07-06 16:00,6.837087549510137
2025-07-06 17:00,8.75851254252253
2025-07-06 18:00,9.139006910936029
2025-07-06 19:00,15.461639425599838
2025-07-06 20:00,12.509682429936365
2025-07-06 21:00,9.89443097195338
2025-07-06 22:00,10.060989692012633
2025-07-06 23:00,6.156805674495962
2025-07-07 00:00,15.00736867623829
2025-07-07 01:00,9.7865190865848
2025-07-07 02:00,6.879476630155088
2025-07-07 03:00,7.120859536167341
2025-07-07 04:00,6.262946455231557
2025-07-07 05:00,2.624329047440566
2025-07-07 06:00,2.5722028131989516
2025-07-07 07:00,1.1584886808840098
2025-07-07 08:00,0.6797744791897382
2025-07-07 09:00,0.4372028210298903
2025-07-07 10:00,0.0670188956662865
2025-07-07 11:00,0.16184417846806165
2025-07-07 12:00,0.00928694753368442
2025-07-07 13:00,0.0
2025-07-07 14:00,1.1919267009586196
2025-07-07 15:00,1.9043694848779662
2025-07-07 16:00,5.248570186605624
2025-07-07 17:00,4.227673823460433
2025-07-07 18:00,1.7320673237290687
2025-07-07 19:00,2.354579241706078
2025-07-07 20:00,0.9042570407935582
2025-07-07 21:00,0.7272198356509723
2025-07-07 22:00,1.781224707195601
2025-07-07 23:00,1.093417700193809
2025-07-08 00:00,1.0202288973883011
2025-07-08 01:00,0.9325863096706377
2025-07-08 02:00,0.4822444651738578
2025-07-08 03:00,0.7162896854407768
2025-07-08 04:00,1.2214505845758123
2025-07-08 05:00,3.2457889880161903
2025-07-08 06:00,1.8746080934339258
2025-07-08 07:00,2.2256161164945816
2025-07-08 08:00,1.7770579792866172
2025-07-08 09:00,1.8772850164180395
2025-07-08 10:00,1.612173469585513
2025-07-08 11:00,2.2902019876101742
2025-07-08 12:00,2.2681333864776954
2025-07-08 13:00,2.0092728365999437
2025-07-08 14:00,4.414533883998418
2025-07-08 15:00,4.287647009642738
2025-07-08 16:00,4.2519366851113
2025-07-08 17:00,3.8618635039318954
2025-07-08 18:00,3.1980261725107466
2025-07-08 19:00,3.5962620252877024
2025-07-08 20:00,3.7977320422777257
2025-07-08 21:00,7.2597881368450246
2025-07-08 22:00,5.102754229029646
2025-07-08 23:00,4.187726295048199
2025-07-09 00:00,5.84122701833579
2025-07-09 01:00,6.326848060349043
2025-07-09 02:00,4.516969679280516
2025-07-09 03:00,3.1665985303878865
2025-07-09 04:00,2.260837173108087
2025-07-09 05:00,1.8100372150591455
2025-07-09 06:00,2.1602076779574984
2025-07-09 07:00,2.1487843116230323
2025-07-09 08:00,3.058233313357484
2025-07-09 09:00,2.7445190463860305
2025-07-09 10:00,2.98892489571443
2025-07-09 11:00,3.782529157432531
2025-07-09 12:00,2.556979920434134
2025-07-09 13:00,1.9950408116873715
2025-07-09 14:00,4.735557675516381
2025-07-09 15:00,5.714124347426251
2025-07-09 16:00,6.6049604163365245
2025-07-09 17:00,4.372600854301757
2025-07-09 18:00,4.994446447065684
2025-07-09 19:00,8.149365012910113
2025-07-09 20:00,1.685858938625087
2025-07-09 21:00,4.814107264302066
2025-07-09 22:00,3.431548917804024
2025-07-09 23:00,4.477461394954647
2025-07-10 00:00,2.0103923051883705
2025-07-10 01:00,1.548535147401364
2025-07-10 02:00,0.5836208920202359
2025-07-10 03:00,0.6699599938584162
2025-07-10 04:00,1.1464862388976695
2025-07-10 05:00,1.4459974846751298
2025-07-10 06:00,1.4063525501550282
2025-07-10 07:00,2.9394529243208924
2025-07-10 08:00,2.0926127019159977
2025-07-10 09:00,3.2256777663123044
2025-07-10 10:00,5.610165455429081
2025-07-10 11:00,4.931364982730173
2025-07-10 12:00,4.508827280564795
2025-07-10 13:00,6.888335932439553
2025-07-10 14:00,9.16801358496381
2025-07-10 15:00,12.897704989357239
2025-07-10 16:00,14.263913667008968
2025-07-10 17:00,17.519716717219676
2025-07-10 18:00,13.340242550329979
2025-07-10 19:00,11.706743779723094
2025-07-10 20:00,13.198062209161069
2025-07-10 21:00,10.765848648581503
2025-07-10 22:00,8.296923254519257
2025-07-10 23:00,8.936372464352287
2025-07-11 00:00,6.309838092753255
2025-07-11 01:00,8.860385103921525
2025-07-11 02:00,9.168745559737838
2025-07-11 03:00,11.289428551004372
2025-07-11 04:00,10.179538812720757
2025-07-11 05:00,12.576861788094163
2025-07-11 06:00,11.55698233054128
2025-07-11 07:00,9.131216965411301
2025-07-11 08:00,7.404267418672099
2025-07-11 09:00,9.517220405484377
2025-07-11 10:00,5.2698895756307085
2025-07-11 11:00,2.826482162073695
2025-07-11 12:00,4.598990927338523
2025-07-11 13:00,4.097663949156271
2025-07-11 14:00,3.0978948553599874
2025-07-11 15:00,4.6109531868219165
2025-07-11 16:00,6.7270784400332495
2025-07-11 17:00,12.663022422902237
2025-07-11 18:00,15.907665342104082
2025-07-11 19:00,14.241802452385192
2025-07-11 20:00,13.338186977419525
2025-07-11 21:00,8.928464081943751
2025-07-11 22:00,7.248892930236577
2025-07-11 23:00,5.813528555771159
2025-07-12 00:00,7.474940333164968
2025-07-12 01:00,4.697871262189231
2025-07-12 02:00,1.0648289516226108
2025-07-12 03:00,3.352761584677206
2025-07-12 04:00,3.4616235262097077
2025-07-12 05:00,3.2566034970945976
2025-07-12 06:00,3.063595209564147
2025-07-12 07:00,0.9568942553485196
2025-07-12 08:00,1.2425581096677591
2025-07-12 09:00,0.42493168306476015
2025-07-12 10:00,0.011691924805960596
2025-07-12 11:00,0.3733212778004187
2025-07-12 12:00,0.2250698386098371
2025-07-12 13:00,0.5219608920076627
2025-07-12 14:00,0.8967655921867799
2025-07-12 15:00,1.5424307875983931
2025-07-12 16:00,4.692958145722862
2025-07-12 17:00,2.3120147108994273
2025-07-12 18:00,1.4200452195706403
2025-07-12 19:00,1.0508225545978518
2025-07-12 20:00,0.7623619383755196
2025-07-12 21:00,0.871378458136771
2025-07-12 22:00,0.6788113436794165
2025-07-12 23:00,0.7156062841511153
2025-07-13 00:00,3.124704001095642
2025-07-13 01:00,2.9663358846895744
2025-07-13 02:00,1.5380907314951013
2025-07-13 03:00,1.0917720140640315
2025-07-13 04:00,0.0
2025-07-13 05:00,0.2944760081420681
2025-07-13 06:00,0.2722086897389131
2025-07-13 07:00,0.3377413560423097
2025-07-13 08:00,0.10614950096802467
2025-07-13 09:00,0.0
2025-07-13 10:00,0.0
2025-07-13 11:00,0.0
2025-07-13 12:00,0.0
2025-07-13 13:00,0.0
2025-07-13 14:00,0.0
2025-07-13 15:00,0.0
2025-07-13 16:00,0.0
2025-07-13 17:00,0.08708772943478998
2025-07-13 18:00,0.3817369345114794
2025-07-13 19:00,0.0
2025-07-13 20:00,0.38115374211306274
2025-07-13 21:00,0.8022280200084009
2025-07-13 22:00,2.352440082067497
2025-07-13 23:00,1.9259437116782956
2025-07-14 00:00,3.9442266604736367
2025-07-14 01:00,3.074185961244885
2025-07-14 02:00,3.9269547409912984
2025-07-14 03:00,3.2281681691955995
2025-07-14 04:00,2.230439021389874
2025-07-14 05:00,4.503195989570269
2025-07-14 06:00,2.938084948203742
2025-07-14 07:00,1.6627114447270048
2025-07-14 08:00,1.1918885811571023
2025-07-14 09:00,2.418192159928013
2025-07-14 10:00,2.4826035661709533
2025-07-14 11:00,3.2239029150234533
2025-07-14 12:00,4.4048165828478805
2025-07-14 13:00,4.929945768544163
2025-07-14 14:00,7.2693450252287874
2025-07-14 15:00,10.090568395187672
2025-07-14 16:00,11.549998623641798
2025-07-14 17:00,12.124921021019228
2025-07-14 18:00,16.76286424041451
2025-07-14 19:00,9.815801399902078
2025-07-14 20:00,4.502677315884894
2025-07-14 21:00,7.8840396514905215
2025-07-14 22:00,22.192690392216335
2025-07-14 23:00,7.43132184659849
2025-07-15 00:00,3.7279927812922975
2025-07-15 01:00,7.830636732290742
2025-07-15 02:00,11.917762661353487
2025-07-15 03:00,20.640020326608877
2025-07-15 04:00,8.038357169601573
2025-07-15 05:00,5.683922774252062
2025-07-15 06:00,8.457535366069877
2025-07-15 07:00,19.465776271803424
2025-07-15 08:00,21.567724651968486
2025-07-15 09:00,19.41235394697532
2025-07-15 10:00,18.559620216075157
2025-07-15 11:00,9.16950700796097
2025-07-15 12:00,15.104367316685405
2025-07-15 13:00,4.555279535083621
2025-07-15 14:00,10.362550991812533
2025-07-15 15:00,6.796735821975485
2025-07-15 16:00,16.42840962998816
2025-07-15 17:00,9.888210684076986
2025-07-15 18:00,12.492584308774997
2025-07-15 19:00,6.296024428650226
2025-07-15 20:00,10.689675183648601
2025-07-15 21:00,21.316258205484118
2025-07-15 22:00,20.68205413622514
2025-07-15 23:00,29.147326222081272
2025-07-16 00:00,18.111302938201817
2025-07-16 01:00,21.832757168465747
2025-07-16 02:00,22.053598828152815
2025-07-16 03:00,23.366716838244155
2025-07-16 04:00,20.672327958622887
2025-07-16 05:00,17.45379705772017
2025-07-16 06:00,21.84705984422459
2025-07-16 07:00,20.90209905833266
2025-07-16 08:00,27.744815598157498
2025-07-16 09:00,29.950006784874624
2025-07-16 10:00,30.59412169393498
2025-07-16 11:00,26.97149637501722
2025-07-16 12:00,27.883735533473192
2025-07-16 13:00,31.41958904342181
2025-07-16 14:00,28.7613939464861
2025-07-16 15:00,31.534219400125302
2025-07-16 16:00,42.08934558700327
2025-07-16 17:00,39.028431028655376
2025-07-16 18:00,39.88255622960475
2025-07-16 19:00,37.1787880568516
2025-07-16 20:00,32.90008062357081
2025-07-16 21:00,40.19579522195036
2025-07-16 22:00,43.859585983628534
2025-07-16 23:00,43.68814229141292
2025-07-17 00:00,47.12704240982736
2025-07-17 01:00,47.36100646085287
2025-07-17 02:00,45.94092853906576
2025-07-17 03:00,44.41465562351823
2025-07-17 04:00,43.72590663130936
2025-07-17 05:00,43.271586810830605
2025-07-17 06:00,43.274124764393214
2025-07-17 07:00,43.229146975558685
2025-07-17 08:00,37.614288058773276
2025-07-17 09:00,39.53614576294869
2025-07-17 10:00,30.686586828981483
2025-07-17 11:00,20.9207878851536
2025-07-17 12:00,24.168883864270956
2025-07-17 13:00,25.26975795630829
2025-07-17 14:00,25.976374337256033
2025-07-17 15:00,16.072757039259535
2025-07-17 16:00,32.70754566900596
2025-07-17 17:00,37.467758554769695
2025-07-17 18:00,31.397993323823016
2025-07-17 19:00,37.15600310165504
2025-07-17 20:00,41.1480600877875
2025-07-17 21:00,40.41087683997821
2025-07-17 22:00,42.377226264908145
2025-07-17 23:00,42.85210326421916
2025-07-18 00:00,43.15319894115142
2025-07-18 01:00,41.54400167131872
2025-07-18 02:00,44.331795359492496
2025-07-18 03:00,43.462279170639114
2025-07-18 04:00,43.53637564319828
2025-07-18 05:00,44.39798709761986
2025-07-18 06:00,41.94240242559586
2025-07-18 07:00,37.2144884164702
2025-07-18 08:00,43.44606226265375
2025-07-18 09:00,26.524783362730986
2025-07-18 10:00,23.35063249005132
2025-07-18 11:00,20.547418725524892
2025-07-18 12:00,10.38617781611243
2025-07-18 13:00,10.39137938553558
2025-07-18 14:00,20.720449349327048
2025-07-18 15:00,13.455756243626942
2025-07-18 16:00,7.233294747899096
2025-07-18 17:00,7.46329322293405
2025-07-18 18:00,9.155479051565734
2025-07-18 19:00,5.4317047357662
2025-07-18 20:00,6.5252432782335745
2025-07-18 21:00,8.184129684434808
2025-07-18 22:00,10.349410190527623
2025-07-18 23:00,5.607266445985477
2025-07-19 00:00,33.38223577562228
2025-07-19 01:00,35.55056749171656
2025-07-19 02:00,33.39520406873211
2025-07-19 03:00,34.57001131963855
2025-07-19 04:00,32.1453193909424
2025-07-19 05:00,40.437197543218254
2025-07-19 06:00,36.36739877938914
2025-07-19 07:00,30.61300684362388
2025-07-19 08:00,38.96088304370276
2025-07-19 09:00,32.564808078193074
2025-07-19 10:00,25.487607744177755
2025-07-19 11:00,22.504825669299834
2025-07-19 12:00,37.89439443696316
2025-07-19 13:00,42.72246276875912
2025-07-19 14:00,39.38548157864006
2025-07-19 15:00,25.641601163273247
2025-07-19 16:00,34.11195083028918
2025-07-19 17:00,40.89959550095487
2025-07-19 18:00,40.39720689993394
2025-07-19 19:00,40.86419558489133
2025-07-19 20:00,40.09252891278152
2025-07-19 21:00,32.336396757941436
2025-07-19 22:00,30.324436717587908
2025-07-19 23:00,29.08836360380704
2025-07-20 00:00,33.35746855747741
2025-07-20 01:00,23.61171232043808
2025-07-20 02:00,13.729314255734572
2025-07-20 03:00,20.716369595251244
2025-07-20 04:00,21.26368511554866
2025-07-20 05:00,16.943959828446065
2025-07-20 06:00,23.739949767871725
2025-07-20 07:00,28.45438637924247
2025-07-20 08:00,29.86063098733758
2025-07-20 09:00,23.27026811831183
2025-07-20 10:00,20.312151378346687
2025-07-20 11:00,15.90015226358306
2025-07-20 12:00,17.145315486631326
2025-07-20 13:00,14.884329892295181
2025-07-20 14:00,15.387863787367479
2025-07-20 15:00,14.492671922881152
2025-07-20 16:00,11.664561874732739
2025-07-20 17:00,21.54524276652427
2025-07-20 18:00,19.98313733597489
2025-07-20 19:00,21.214334136991837
2025-07-20 20:00,24.291479495071304
2025-07-20 21:00,12.432471487891215
2025-07-20 22:00,21.3049560577776
2025-07-20 23:00,28.689890249219932
2025-07-21 00:00,17.684526561839263
2025-07-21 01:00,27.75367101225296
2025-07-21 02:00,24.402620596665884
2025-07-21 03:00,25.058763362734233
2025-07-21 04:00,20.14524338437218
2025-07-21 05:00,21.8055114407503
2025-07-21 06:00,16.509490291162013
2025-07-21 07:00,11.90029842660924
2025-07-21 08:00,24.04335005421762
2025-07-21 09:00,19.147869290524714
2025-07-21 10:00,14.466338717597974
2025-07-21 11:00,23.76232987921976
2025-07-21 12:00,17.937207033039194
2025-07-21 13:00,0.678050210583554
2025-07-21 14:00,3.9848703305515154
2025-07-21 15:00,4.158494013332293
2025-07-21 16:00,5.68522945582678
2025-07-21 17:00,4.268418826607933
2025-07-21 18:00,1.1202669683988034
2025-07-21 19:00,1.2984167618865539
2025-07-21 20:00,6.145420199165379
2025-07-21 21:00,3.36120440988851
2025-07-21 22:00,9.090715515402271
2025-07-21 23:00,7.301282572607741
2025-07-22 00:00,2.4682453123249557
2025-07-22 01:00,7.688797054106018
2025-07-22 02:00,6.32398268072291
2025-07-22 03:00,4.090579901008475
2025-07-22 04:00,1.6464763381772292
2025-07-22 05:00,2.2032071648818525
2025-07-22 06:00,1.8488880068720674
2025-07-22 07:00,2.9437957877603287
2025-07-22 08:00,2.4270907205783496
2025-07-22 09:00,1.109159518204605
2025-07-22 10:00,0.3199627455060985
2025-07-22 11:00,2.2571206655834866
2025-07-22 12:00,0.39797315217104745
2025-07-22 13:00,1.1337243364661993
2025-07-22 14:00,0.9732701636481078
2025-07-22 15:00,0.9741336415735178
2025-07-22 16:00,0.5465168770115344
2025-07-22 17:00,1.0835718470357751
2025-07-22 18:00,0.9179594362329175
2025-07-22 19:00,0.23417936499748282
2025-07-22 20:00,0.26225683676592226
2025-07-22 21:00,0.5368745541638342
2025-07-22 22:00,0.3685731224039204
2025-07-22 23:00,0.25612227190617476
2025-07-23 00:00,0.21025940740775462
2025-07-23 01:00,0.23906947122065514
2025-07-23 02:00,0.6649592812069893
2025-07-23 03:00,0.0
2025-07-23 04:00,0.2991832198380384
2025-07-23 05:00,0.24503099192183697
2025-07-23 06:00,0.23748062894790833
2025-07-23 07:00,0.06685076025946235
2025-07-23 08:00,0.10992925875449155
2025-07-23 09:00,0.07231903741308265
2025-07-23 10:00,0.0
2025-07-23 11:00,0.0918189020574749
2025-07-23 12:00,0.05548669151874164
2025-07-23 13:00,0.6034183347883929
2025-07-23 14:00,1.7549056888654526
2025-07-23 15:00,2.2536849344748435
2025-07-23 16:00,2.3158293547920907
2025-07-23 17:00,2.0407005313211877
2025-07-23 18:00,1.5134624675236361
2025-07-23 19:00,1.191703269409362
2025-07-23 20:00,0.3495621037276708
2025-07-23 21:00,0.4927919877336566
2025-07-23 22:00,0.42203517432684845
2025-07-23 23:00,0.31193716963952056
2025-07-24 00:00,0.39430834269563686
2025-07-24 01:00,0.5600622858608882
2025-07-24 02:00,0.1504960125018142
2025-07-24 03:00,0.4411967843072786
2025-07-24 04:00,1.102792432560983
2025-07-24 05:00,1.5260077153125
2025-07-24 06:00,0.6036095057841471
2025-07-24 07:00,0.778523949515699
2025-07-24 08:00,0.2680260346928022
2025-07-24 09:00,0.25290492150879795
2025-07-24 10:00,0.2886855855648093
2025-07-24 11:00,0.2971461577815657
2025-07-24 12:00,0.7287637983085287
2025-07-24 13:00,0.9195804914599905
2025-07-24 14:00,1.5781812730272287
2025-07-24 15:00,7.568678939223215
2025-07-24 16:00,3.326192164382037
2025-07-24 17:00,1.9109213986108253
2025-07-24 18:00,2.2342759531570837
2025-07-24 19:00,1.0148746234228345
2025-07-24 20:00,0.7522411286596262
2025-07-24 21:00,0.8979527098441347
2025-07-24 22:00,0.5615490584040921
2025-07-24 23:00,0.4628886230645646
2025-07-25 00:00,0.7588668788869091
2025-07-25 01:00,0.9562924855263937
2025-07-25 02:00,1.7831154589052076
2025-07-25 03:00,0.6214239587459374
2025-07-25 04:00,1.7857981922601032
2025-07-25 05:00,2.2063875644382374
2025-07-25 06:00,0.7402555226477332
2025-07-25 07:00,1.015666267512992
2025-07-25 08:00,0.9065348074913011
2025-07-25 09:00,0.9829397825040853
2025-07-25 10:00,0.8037587417411334
2025-07-25 11:00,1.115334214127837
2025-07-25 12:00,0.2823004304864507
2025-07-25 13:00,0.14889130654507376
2025-07-25 14:00,1.0748202199143426
2025-07-25 15:00,2.40223439973876
2025-07-25 16:00,3.7818392244339374
2025-07-25 17:00,5.544508958037428
2025-07-25 18:00,2.412847975034915
2025-07-25 19:00,4.407402061612432
2025-07-25 20:00,0.7220712534518305
2025-07-25 21:00,3.840785760082586
2025-07-25 22:00,2.654716998889185
2025-07-25 23:00,2.644330640216315
2025-07-26 00:00,1.932623188160406
2025-07-26 01:00,3.3148657158680574
2025-07-26 02:00,2.2924769390809483
2025-07-26 03:00,2.6230946676396782
2025-07-26 04:00,2.847107402399698
2025-07-26 05:00,2.5004444060614377
2025-07-26 06:00,2.2110032617714213
2025-07-26 07:00,2.7170228985676537
2025-07-26 08:00,5.812084993891769
2025-07-26 09:00,6.009970650217804
2025-07-26 10:00,5.696985221475135
2025-07-26 11:00,5.220565355093131
2025-07-26 12:00,6.495640423407471
2025-07-26 13:00,7.039013651732446
2025-07-26 14:00,7.8574224581306495
2025-07-26 15:00,4.843857387796662
2025-07-26 16:00,8.682806430229565
2025-07-26 17:00,9.525100127202595
2025-07-26 18:00,8.361778502064563
2025-07-26 19:00,6.325120607960404
2025-07-26 20:00,13.762309978012944
2025-07-26 21:00,15.043353859814882
2025-07-26 22:00,12.004207046665563
2025-07-26 23:00,5.873530594787107
2025-07-27 00:00,8.421008205940657
2025-07-27 01:00,7.386223982212778
2025-07-27 02:00,3.4604772277666007
2025-07-27 03:00,3.9402416176209143
2025-07-27 04:00,6.850793159007155
2025-07-27 05:00,5.092264216991728
2025-07-27 06:00,4.3348607236036045
2025-07-27 07:00,1.6082453615809063
2025-07-27 08:00,6.631060600686434
2025-07-27 09:00,6.229737992611856
2025-07-27 10:00,2.479609341442248
2025-07-27 11:00,1.0124257122996716
2025-07-27 12:00,1.2571031848194414
2025-07-27 13:00,0.6545977084347039
2025-07-27 14:00,1.0530570416349119
2025-07-27 15:00,0.7143838271092533
2025-07-27 16:00,1.1087844466487822
2025-07-27 17:00,5.038492099802557
2025-07-27 18:00,1.7750844538352468
2025-07-27 19:00,1.8529643087293768
2025-07-27 20:00,0.4724512539121507
2025-07-27 21:00,0.5466992073229722
2025-07-27 22:00,0.5598684179742947
2025-07-27 23:00,0.4371126432238783
2025-07-28 00:00,0.7154373204435269
2025-07-28 01:00,0.2526686276083223
2025-07-28 02:00,0.6879220336717733
2025-07-28 03:00,0.8490980771148688
2025-07-28 04:00,0.6064322265870541
2025-07-28 05:00,0.34691986381474693
2025-07-28 06:00,0.529816552223655
2025-07-28 07:00,0.24780636604035822
2025-07-28 08:00,0.21733178463403413
2025-07-28 09:00,0.0
2025-07-28 10:00,0.0
2025-07-28 11:00,0.0
2025-07-28 12:00,0.0
2025-07-28 13:00,0.6977722551057575
2025-07-28 14:00,1.9886368459348005
2025-07-28 15:00,3.284790754247902
2025-07-28 16:00,2.8138666071017036
2025-07-28 17:00,1.774400397833459
2025-07-28 18:00,1.4149193459406164
2025-07-28 19:00,1.0337754330201947
2025-07-28 20:00,0.5829427320936732
2025-07-28 21:00,0.5150619466356174
2025-07-28 22:00,0.2980533983054017
2025-07-28 23:00,0.5674427291823747
2025-07-29 00:00,0.38984715296462713
2025-07-29 01:00,0.5474314197019574
2025-07-29 02:00,0.39449382223810114
2025-07-29 03:00,0.5956153814196905
2025-07-29 04:00,0.9528992746836125
2025-07-29 05:00,1.380238718711904
2025-07-29 06:00,1.2056620161483076
2025-07-29 07:00,0.5162056809164536
2025-07-29 08:00,0.322814880512455
2025-07-29 09:00,0.040900006718949444
2025-07-29 10:00,0.04150153532954376
2025-07-29 11:00,0.08447377909322185
2025-07-29 12:00,0.24235418333440972
2025-07-29 13:00,0.8232212405283872
2025-07-29 14:00,1.7953190690334178
2025-07-29 15:00,4.8626255759246835
2025-07-29 16:00,4.026424289580969
2025-07-29 17:00,4.384935840532327
2025-07-29 18:00,3.2603986694544687
2025-07-29 19:00,1.1094354134328712
2025-07-29 20:00,0.7599921562170575
2025-07-29 21:00,1.1619096005460947
2025-07-29 22:00,0.553033571232705
2025-07-29 23:00,0.2282792981376962
2025-07-30 00:00,0.06819422178337448
2025-07-30 01:00,0.4909714617322958
2025-07-30 02:00,0.2509919683916185
2025-07-30 03:00,0.1067242678697522
2025-07-30 04:00,1.130245380342401
2025-07-30 05:00,1.0484196005844666
2025-07-30 06:00,0.4483955400711124
2025-07-30 07:00,0.09945304177125458
2025-07-30 08:00,0.131205390149692
2025-07-30 09:00,0.2264074742685066
2025-07-30 10:00,0.1575864885285485
2025-07-30 11:00,0.03338594406224771
2025-07-30 12:00,0.20322897323256672
2025-07-30 13:00,2.938520870167758
2025-07-30 14:00,6.0997602796936885
2025-07-30 15:00,5.504667560807093
2025-07-30 16:00,9.865463058765805
2025-07-30 17:00,6.722882860209557
2025-07-30 18:00,7.2476282671588645
2025-07-30 19:00,15.367145893748066
2025-07-30 20:00,20.636609964207146
2025-07-30 21:00,10.721386019063342
2025-07-30 22:00,6.018539941602874
2025-07-30 23:00,5.638249885308648
2025-07-31 00:00,16.29658761649261
2025-07-31 01:00,11.362747496353196
2025-07-31 02:00,7.658297659497071
2025-07-31 03:00,2.1709511569378876
2025-07-31 04:00,1.452371389811236
2025-07-31 05:00,1.0485868079410297
2025-07-31 06:00,0.5090319162178324
2025-07-31 07:00,0.12678080369565847
2025-07-31 08:00,0.329932989768719
2025-07-31 09:00,0.13560361597361104
2025-07-31 10:00,0.38630307360212
2025-07-31 11:00,0.6068962595669906
2025-07-31 12:00,0.7658337166011726
2025-07-31 13:00,1.0380377262743323
2025-07-31 14:00,1.1792069006940227
2025-07-31 15:00,2.4701594547902475
2025-07-31 16:00,2.833309084278253
2025-07-31 17:00,3.5189976671894025
2025-07-31 18:00,5.239464275635205
2025-07-31 19:00,3.7704736374415115
2025-07-31 20:00,2.5016857114978013
2025-07-31 21:00,1.978370328360115
2025-07-31 22:00,2.014234173131291
2025-07-31 23:00,1.4064058541783528
2025-08-01 00:00,0.4701570847795048
2025-08-01 01:00,0.7492288330580514
2025-08-01 02:00,1.3197867189951447
2025-08-01 03:00,0.750713932796641
2025-08-01 04:00,0.6472654498222075
2025-08-01 05:00,0.4254106588737606
2025-08-01 06:00,0.05756794369251422
2025-08-01 07:00,0.0
2025-08-01 08:00,0.0
2025-08-01 09:00,0.0
2025-08-01 10:00,0.0
2025-08-01 11:00,0.0
2025-08-01 12:00,0.16412416697743837
2025-08-01 13:00,0.8054219187214657
2025-08-01 14:00,1.9536361523041443
2025-08-01 15:00,2.9220096737266075
2025-08-01 16:00,3.3506996694723967
2025-08-01 17:00,3.315696758295795
2025-08-01 18:00,1.4331922621871342
2025-08-01 19:00,0.9428907220466554
2025-08-01 20:00,0.5954674740594007
2025-08-01 21:00,0.27244548427421633
2025-08-01 22:00,0.49824490951785294
2025-08-01 23:00,0.47319580506909964
2025-08-02 00:00,0.4080868003779847
2025-08-02 01:00,1.0184183745914253
2025-08-02 02:00,0.7335382616560038
2025-08-02 03:00,0.6739334442652176
2025-08-02 04:00,0.6983169379981504
2025-08-02 05:00,0.2767451546230473
2025-08-02 06:00,1.9210721418363423
2025-08-02 07:00,0.0
2025-08-02 08:00,0.0
2025-08-02 09:00,0.0
2025-08-02 10:00,0.0
2025-08-02 11:00,0.0
2025-08-02 12:00,0.0
2025-08-02 13:00,0.7625353219301889
2025-08-02 14:00,1.7621250608849355
2025-08-02 15:00,2.782940873054409
2025-08-02 16:00,2.3563700173158733
2025-08-02 17:00,2.0936486445547566
2025-08-02 18:00,0.5489915445791964
2025-08-02 19:00,0.23492657542695705
2025-08-02 20:00,0.0
2025-08-02 21:00,0.2050633642046109
2025-08-02 22:00,0.5087430070150446
2025-08-02 23:00,0.0
2025-08-03 00:00,0.0
2025-08-03 01:00,0.0
2025-08-03 02:00,0.0005689584736147668
2025-08-03 03:00,0.0
2025-08-03 04:00,0.044090603145752305
2025-08-03 05:00,0.09098235799092869
2025-08-03 06:00,0.24218590410405882
2025-08-03 07:00,0.0
2025-08-03 08:00,0.0
2025-08-03 09:00,0.0
2025-08-03 10:00,0.0
2025-08-03 11:00,0.0
2025-08-03 12:00,1.2541381779535592
2025-08-03 13:00,1.0327244275805803
2025-08-03 14:00,2.889434719840618
2025-08-03 15:00,1.1501275777977056
2025-08-03 16:00,1.8094240420482053
2025-08-03 17:00,1.648154321885459
2025-08-03 18:00,0.3339303052250233
2025-08-03 19:00,0.4526915434184161
2025-08-03 20:00,0.6585529492976319
2025-08-03 21:00,0.2164858805175517
2025-08-03 22:00,11.665308516793594
2025-08-03 23:00,5.808997174367192
2025-08-04 00:00,36.30095152026089
2025-08-04 01:00,36.71465591406757
2025-08-04 02:00,37.23157434829239
2025-08-04 03:00,33.98490450613258
2025-08-04 04:00,31.56812936335693
2025-08-04 05:00,25.87443734314251
2025-08-04 06:00,31.197778220959687
2025-08-04 07:00,22.469316542643696
2025-08-04 08:00,24.39305701964653
2025-08-04 09:00,22.224972653705997
2025-08-04 10:00,22.177404833921862
2025-08-04 11:00,17.70905529021918
2025-08-04 12:00,20.344349618928337
2025-08-04 13:00,22.55991145356271
2025-08-04 14:00,26.323585395953653
2025-08-04 15:00,31.803578424973544
2025-08-04 16:00,31.044076243173805
2025-08-04 17:00,28.719824366927163
2025-08-04 18:00,23.63036568684893
2025-08-04 19:00,26.110145930417467
2025-08-04 20:00,28.24497526769292
2025-08-04 21:00,26.905731178793708
2025-08-04 22:00,30.100759413227987
2025-08-04 23:00,27.22067435101583
2025-08-05 00:00,0.0
2025-08-05 01:00,0.2674328641611804
2025-08-05 02:00,0.3911706075827389
2025-08-05 03:00,0.18099338427871448
2025-08-05 04:00,0.35975489270449423
2025-08-05 05:00,0.6495871150432098
2025-08-05 06:00,0.5758510371610135
2025-08-05 07:00,0.7758212095422781
2025-08-05 08:00,0.8616334448322365
2025-08-05 09:00,0.0
2025-08-05 10:00,0.7850849436093954
2025-08-05 11:00,1.6909273018630988
2025-08-05 12:00,0.45730156402655775
2025-08-05 13:00,6.6998239928265555
2025-08-05 14:00,8.592204378217708
2025-08-05 15:00,16.412392443492706
2025-08-05 16:00,20.51802750452276
2025-08-05 17:00,26.497775616171737
2025-08-05 18:00,23.426517531369484
2025-08-05 19:00,24.707882472076165
2025-08-05 20:00,28.32990315310787
2025-08-05 21:00,32.16747639147099
2025-08-05 22:00,36.69837481723129
2025-08-05 23:00,38.60147419855006
2025-08-06 00:00,36.45017080105908
2025-08-06 01:00,34.94448250395694
2025-08-06 02:00,35.280776077271845
2025-08-06 03:00,33.46373368569956
2025-08-06 04:00,25.209498547877264
2025-08-06 05:00,22.088758975917415
2025-08-06 06:00,20.186550341435897
2025-08-06 07:00,27.117080299117486
2025-08-06 08:00,32.04959942828826
2025-08-06 09:00,28.56405784197128
2025-08-06 10:00,32.09089635583124
2025-08-06 11:00,26.637172228386365
2025-08-06 12:00,29.43617068602872
2025-08-06 13:00,34.554517429629456
2025-08-06 14:00,33.16282174951926
2025-08-06 15:00,33.24495742275578
2025-08-06 16:00,30.78235495773658
2025-08-06 17:00,34.75767352865794
2025-08-06 18:00,32.12279505355248
2025-08-06 19:00,32.54028234363076
2025-08-06 20:00,26.47227981237633
2025-08-06 21:00,23.574621951889778
2025-08-06 22:00,20.27187521969497
2025-08-06 23:00,15.203355563676954
2025-08-07 00:00,4.128405038116602
2025-08-07 01:00,1.5777419353053301
2025-08-07 02:00,2.026640318954831
2025-08-07 03:00,0.5078033379198372
2025-08-07 04:00,1.466774465922056
2025-08-07 05:00,0.44571714374351334
2025-08-07 06:00,1.0491320376718298
2025-08-07 07:00,0.0
2025-08-07 08:00,0.0
2025-08-07 09:00,0.0
2025-08-07 10:00,1.2829038901331586
2025-08-07 11:00,2.558529921738367
2025-08-07 12:00,1.847690427179662
2025-08-07 13:00,1.8426417751652329
2025-08-07 14:00,1.2859688795292663
2025-08-07 15:00,1.546362604844874
2025-08-07 16:00,1.114547088731678
2025-08-07 17:00,3.0439212050403115
2025-08-07 18:00,0.8086276464730848
2025-08-07 19:00,0.7896412264891932
2025-08-07 20:00,1.9543749974731295
2025-08-07 21:00,0.09660437923235188
2025-08-07 22:00,0.29958688578193116
2025-08-07 23:00,0.8199000894498103
2025-08-08 00:00,0.6995094449385202
2025-08-08 01:00,1.0406771747248833
2025-08-08 02:00,1.248032736401718
2025-08-08 03:00,1.1062666750918435
2025-08-08 04:00,1.2254269771501707
2025-08-08 05:00,0.8539644835758211
2025-08-08 06:00,0.5346908323856043
2025-08-08 07:00,0.0
2025-08-08 08:00,0.0
2025-08-08 09:00,0.0
2025-08-08 10:00,0.0
2025-08-08 11:00,0.0
2025-08-08 12:00,0.0
2025-08-08 13:00,0.0
2025-08-08 14:00,0.5690949279883168
2025-08-08 15:00,0.7827030692542047
2025-08-08 16:00,0.49004869378437466
2025-08-08 17:00,0.6088767199676524
2025-08-08 18:00,0.4065797393923145
2025-08-08 19:00,0.0
2025-08-08 20:00,0.0
2025-08-08 21:00,0.1158899579805941
2025-08-08 22:00,0.0
2025-08-08 23:00,0.0
2025-08-09 00:00,1.4292937999952695
2025-08-09 01:00,0.0
2025-08-09 02:00,0.14426978485612907
2025-08-09 03:00,0.28036495891339386
2025-08-09 04:00,0.4014610280056996
2025-08-09 05:00,3.0832647206529757
2025-08-09 06:00,4.0939199445577525
2025-08-09 07:00,0.4982476538895928
2025-08-09 08:00,0.0
2025-08-09 09:00,1.3787859628157708
2025-08-09 10:00,0.4403416092050313
2025-08-09 11:00,0.7021459922365758
2025-08-09 12:00,2.9540852817003036
2025-08-09 13:00,0.6467398762425765
2025-08-09 14:00,2.109038418512289
2025-08-09 15:00,9.604699756844187
2025-08-09 16:00,17.321008160903286
2025-08-09 17:00,23.426482170879883
2025-08-09 18:00,31.681547991040155
2025-08-09 19:00,19.419219267296313
2025-08-09 20:00,5.344603087709981
2025-08-09 21:00,4.110683788939436
2025-08-09 22:00,13.581783714543743
2025-08-09 23:00,18.19928202715611
2025-08-10 00:00,4.594152584572752
2025-08-10 01:00,19.86909877162624
2025-08-10 02:00,9.529820247777726
2025-08-10 03:00,25.363628036049967
2025-08-10 04:00,16.625670876443472
2025-08-10 05:00,24.113833499055612
2025-08-10 06:00,24.39838732219862
2025-08-10 07:00,27.6618320768207
2025-08-10 08:00,30.41800131433383
2025-08-10 09:00,25.499515726871834
2025-08-10 10:00,24.858335250715264
2025-08-10 11:00,19.665781679467372
2025-08-10 12:00,14.917301223253538
2025-08-10 13:00,12.725462191367422
2025-08-10 14:00,11.15756228135643
2025-08-10 15:00,9.719118923008082
2025-08-10 16:00,13.812892080964922
2025-08-10 17:00,12.544484056710965
2025-08-10 18:00,7.465083175797883
2025-08-10 19:00,1.4943983373403433
2025-08-10 20:00,0.9198509041916345
2025-08-10 21:00,1.0627655032530123
2025-08-10 22:00,0.6645952110233038
2025-08-10 23:00,0.7118898050809126
2025-08-11 00:00,3.9274320418280655
2025-08-11 01:00,1.1720527804111165
2025-08-11 02:00,0.0
2025-08-11 03:00,0.31245403578774855
2025-08-11 04:00,0.5375346768426029
2025-08-11 05:00,0.5077675882523522
2025-08-11 06:00,0.5152029061428842
2025-08-11 07:00,0.43205201922714775
2025-08-11 08:00,0.3138692864916798
2025-08-11 09:00,0.10118376921753258
2025-08-11 10:00,0.0
2025-08-11 11:00,0.0
2025-08-11 12:00,1.4072757451133047
2025-08-11 13:00,1.807533338689285
2025-08-11 14:00,0.437988197071149
2025-08-11 15:00,12.831763600965001
2025-08-11 16:00,10.557194279212174
2025-08-11 17:00,9.527854173229736
2025-08-11 18:00,3.401891835975871
2025-08-11 19:00,4.978430512809373
2025-08-11 20:00,2.363712112887875
2025-08-11 21:00,1.1168920224413181
2025-08-11 22:00,2.4252916827092066
2025-08-11 23:00,0.611101580169932
2025-08-12 00:00,0.28254115566469484
2025-08-12 01:00,0.0
2025-08-12 02:00,0.3857356894746613
2025-08-12 03:00,0.0
2025-08-12 04:00,0.0
2025-08-12 05:00,0.17389365020485215
2025-08-12 06:00,0.0
2025-08-12 07:00,0.4708474608153903
2025-08-12 08:00,1.0603184696032577
2025-08-12 09:00,2.243908485201282
2025-08-12 10:00,7.2627411550626775
2025-08-12 11:00,11.74329442882918
2025-08-12 12:00,6.160363290104055
2025-08-12 13:00,4.526441105185473
2025-08-12 14:00,6.257335169450464
2025-08-12 15:00,11.906196513439614
2025-08-12 16:00,5.194001152872362
2025-08-12 17:00,8.778461015056678
2025-08-12 18:00,16.198660262274913
2025-08-12 19:00,12.492571991184477
2025-08-12 20:00,12.500090309893423
2025-08-12 21:00,6.0091801603399855
2025-08-12 22:00,11.903847845996363
2025-08-12 23:00,7.131819186529652
2025-08-13 00:00,26.623932259395474
2025-08-13 01:00,25.930718600262253
2025-08-13 02:00,26.21976889370725
2025-08-13 03:00,22.893726956666207
2025-08-13 04:00,18.793339728218424
2025-08-13 05:00,23.62361210964581
2025-08-13 06:00,29.05638874853272
2025-08-13 07:00,31.355138245021664
2025-08-13 08:00,35.59148484182048
2025-08-13 09:00,34.44886811773943
2025-08-13 10:00,31.443777582707433
2025-08-13 11:00,34.165981116137694
2025-08-13 12:00,35.676341197985685
2025-08-13 13:00,33.21849226164152
2025-08-13 14:00,36.159695624983634
2025-08-13 15:00,34.93197328931253
2025-08-13 16:00,33.34380154388325
2025-08-13 17:00,37.890127898704655
2025-08-13 18:00,27.611879172354016
2025-08-13 19:00,27.715632736198156
2025-08-13 20:00,22.2775150080047
2025-08-13 21:00,17.337473429171137
2025-08-13 22:00,19.658405239413735
2025-08-13 23:00,17.90339168772494
2025-08-14 00:00,23.651039328770604
2025-08-14 01:00,23.79933605960739
2025-08-14 02:00,17.668897246876522
2025-08-14 03:00,14.964608575541678
2025-08-14 04:00,15.091890610117696
2025-08-14 05:00,12.124815744975276
2025-08-14 06:00,6.800145655608819
2025-08-14 07:00,7.667565314845566
2025-08-14 08:00,11.283454625811618
2025-08-14 09:00,9.917929645905623
2025-08-14 10:00,11.3859507605476
2025-08-14 11:00,8.57160163111965
2025-08-14 12:00,8.189520914939944
2025-08-14 13:00,6.746424636088085
2025-08-14 14:00,3.5909723186674674
2025-08-14 15:00,6.431671105753205
2025-08-14 16:00,6.640404896443645
2025-08-14 17:00,5.669979163003671
2025-08-14 18:00,7.261361904905691
2025-08-14 19:00,1.109566702043065
2025-08-14 20:00,1.5563804099984817
2025-08-14 21:00,0.8764451094078387
2025-08-14 22:00,0.31346369837494015
2025-08-14 23:00,1.838757192336892
2025-08-15 00:00,0.0
2025-08-15 01:00,0.0
2025-08-15 02:00,0.0
2025-08-15 03:00,0.10379876340675909
2025-08-15 04:00,0.2381714487332931
2025-08-15 05:00,0.6853759743344761
2025-08-15 06:00,0.5012052000776404
2025-08-15 07:00,0.14755950422543984
2025-08-15 08:00,0.0
2025-08-15 09:00,0.0
2025-08-15 10:00,0.0
2025-08-15 11:00,0.0
2025-08-15 12:00,0.0
2025-08-15 13:00,0.05766751720292468
2025-08-15 14:00,0.11899276581838403
2025-08-15 15:00,1.1012732893823785
2025-08-15 16:00,0.12843396277225794
2025-08-15 17:00,1.6636599858122456
2025-08-15 18:00,2.224053264424423
2025-08-15 19:00,0.5262418094828856
2025-08-15 20:00,0.0019345444262207079
2025-08-15 21:00,0.22945655910291107
2025-08-15 22:00,0.0
2025-08-15 23:00,0.0
2025-08-16 00:00,0.0
2025-08-16 01:00,0.0
2025-08-16 02:00,0.08561031788881013
2025-08-16 03:00,0.0920707142590117
2025-08-16 04:00,0.0
2025-08-16 05:00,0.0018791993273702956
2025-08-16 06:00,0.0
2025-08-16 07:00,0.0
2025-08-16 08:00,0.0
2025-08-16 09:00,0.0
2025-08-16 10:00,0.0
2025-08-16 11:00,0.0
2025-08-16 12:00,0.0
2025-08-16 13:00,0.5081652488489619
2025-08-16 14:00,0.7153045676183631
2025-08-16 15:00,0.7809255730378317
2025-08-16 16:00,1.7589337405772758
2025-08-16 17:00,0.699291200744306
2025-08-16 18:00,0.0
2025-08-16 19:00,0.20799910142903688
2025-08-16 20:00,0.0
2025-08-16 21:00,0.0
2025-08-16 22:00,0.0
2025-08-16 23:00,0.04719359851480487
2025-08-17 00:00,1.2412106390069904
2025-08-17 01:00,0.0
2025-08-17 02:00,0.11614082227968581
2025-08-17 03:00,0.10780061809557584
2025-08-17 04:00,0.5073727986669906
2025-08-17 05:00,0.21383884183559665
2025-08-17 06:00,2.734491364809591
2025-08-17 07:00,0.9422113856271024
2025-08-17 08:00,1.2147024401789999
2025-08-17 09:00,0.0
2025-08-17 10:00,0.0
2025-08-17 11:00,0.0
2025-08-17 12:00,0.0
2025-08-17 13:00,0.0
2025-08-17 14:00,0.09712696372381108
2025-08-17 15:00,1.0464097713435385
2025-08-17 16:00,0.8599470080276981
2025-08-17 17:00,0.5009737513428034
2025-08-17 18:00,0.06916999203058738
2025-08-17 19:00,0.0
2025-08-17 20:00,0.0
2025-08-17 21:00,0.002470665307522435
2025-08-17 22:00,0.0
2025-08-17 23:00,0.0
2025-08-18 00:00,0.0
2025-08-18 01:00,0.0
2025-08-18 02:00,0.04335093493433273
2025-08-18 03:00,5.645411485777769
2025-08-18 04:00,0.0
2025-08-18 05:00,2.6641798591311887
2025-08-18 06:00,1.58208052640992
2025-08-18 07:00,0.0
2025-08-18 08:00,0.1610908115990637
2025-08-18 09:00,0.12529420302702265
2025-08-18 10:00,0.0
2025-08-18 11:00,0.0
2025-08-18 12:00,0.0
2025-08-18 13:00,0.0
2025-08-18 14:00,0.48045012390357134
2025-08-18 15:00,0.9090452958389372
2025-08-18 16:00,1.6381174195716555
2025-08-18 17:00,1.19481203318693
2025-08-18 18:00,1.1567787037583637
2025-08-18 19:00,0.6164140856673397
2025-08-18 20:00,0.009881489065200033
2025-08-18 21:00,0.0
2025-08-18 22:00,0.0
2025-08-18 23:00,0.8105982749487071
2025-08-19 00:00,1.7321568473028068
2025-08-19 01:00,5.167703947215539
2025-08-19 02:00,4.127686499295148
2025-08-19 03:00,8.756174880699367
2025-08-19 04:00,5.7340597660050125
2025-08-19 05:00,4.430815232328159
2025-08-19 06:00,4.191849134464787
2025-08-19 07:00,3.5677428263193813
2025-08-19 08:00,5.906850588910563
2025-08-19 09:00,4.71851865986217
2025-08-19 10:00,1.6885859165857555
2025-08-19 11:00,2.2175888475834316
2025-08-19 12:00,3.3430215630478637
2025-08-19 13:00,3.3574874878904946
2025-08-19 14:00,5.546238947557233
2025-08-19 15:00,3.6166862199286327
2025-08-19 16:00,4.73090214572486
2025-08-19 17:00,6.2238581022361625
2025-08-19 18:00,4.732604299319528
2025-08-19 19:00,3.7892678754809785
2025-08-19 20:00,1.733579863239155
2025-08-19 21:00,0.7728103870331182
2025-08-19 22:00,0.0
2025-08-19 23:00,0.0
2025-08-20 00:00,0.4854069927514326
2025-08-20 01:00,1.2840110424545153
2025-08-20 02:00,1.7470709756509408
2025-08-20 03:00,2.5950761244106357
2025-08-20 04:00,2.637670208403678
2025-08-20 05:00,4.276434131601418
2025-08-20 06:00,5.889591439789305
2025-08-20 07:00,8.95263151441662
2025-08-20 08:00,12.249198893271917
2025-08-20 09:00,7.601852255565687
2025-08-20 10:00,1.486914757013984
2025-08-20 11:00,0.629379872941056
2025-08-20 12:00,4.909147423925118
2025-08-20 13:00,2.680696257839112
2025-08-20 14:00,3.292393364008604
2025-08-20 15:00,2.9452650549915544
2025-08-20 16:00,3.4266741178120803
2025-08-20 17:00,2.821493054561737
2025-08-20 18:00,2.4706816787448695
2025-08-20 19:00,0.1993303510762714
2025-08-20 20:00,0.0
2025-08-20 21:00,0.0
2025-08-20 22:00,0.0
2025-08-20 23:00,0.0
2025-08-21 00:00,0.0
2025-08-21 01:00,0.0
2025-08-21 02:00,0.012856687981966819
2025-08-21 03:00,0.0
2025-08-21 04:00,0.6300730399126563
2025-08-21 05:00,0.0
2025-08-21 06:00,0.12193577183330662
2025-08-21 07:00,0.0
2025-08-21 08:00,0.0
2025-08-21 09:00,0.38078537583411276
2025-08-21 10:00,0.2912518920233903
2025-08-21 11:00,0.0
2025-08-21 12:00,0.0
2025-08-21 13:00,0.6453775368075267
2025-08-21 14:00,0.686193116723335
2025-08-21 15:00,0.5308367276962043
2025-08-21 16:00,1.0072799264567966
2025-08-21 17:00,0.8666913851634914
2025-08-21 18:00,1.2741249633459057
2025-08-21 19:00,0.0
2025-08-21 20:00,0.08804066644267655
2025-08-21 21:00,0.2832588415452798
2025-08-21 22:00,0.0
2025-08-21 23:00,0.0
2025-08-22 00:00,0.0
2025-08-22 01:00,0.0
2025-08-22 02:00,0.0
2025-08-22 03:00,0.0
2025-08-22 04:00,0.0
2025-08-22 05:00,0.2503465339610973
2025-08-22 06:00,0.0
2025-08-22 07:00,0.00817646826614915
2025-08-22 08:00,0.0
2025-08-22 09:00,0.0
2025-08-22 10:00,0.0
2025-08-22 11:00,0.0
2025-08-22 12:00,0.0
2025-08-22 13:00,0.028080267211279764
2025-08-22 14:00,0.8151791142351559
2025-08-22 15:00,0.6839304833093012
2025-08-22 16:00,0.6548086605500438
2025-08-22 17:00,0.26407716346165044
2025-08-22 18:00,0.39830683473584716
2025-08-22 19:00,0.0
2025-08-22 20:00,0.0
2025-08-22 21:00,0.0
2025-08-22 22:00,0.020930066898133592
2025-08-22 23:00,0.0
2025-08-23 00:00,0.0
2025-08-23 01:00,0.0
2025-08-23 02:00,0.0
2025-08-23 03:00,0.0
2025-08-23 04:00,0.0
2025-08-23 05:00,0.0
2025-08-23 06:00,0.014993782566976421
2025-08-23 07:00,0.0
2025-08-23 08:00,0.0
2025-08-23 09:00,0.0
2025-08-23 10:00,0.0
2025-08-23 11:00,0.0
2025-08-23 12:00,0.0
2025-08-23 13:00,0.0
2025-08-23 14:00,0.32372183957846223
2025-08-23 15:00,0.8663631998251704
2025-08-23 16:00,0.7776811619251831
2025-08-23 17:00,0.8445149220372219
2025-08-23 18:00,0.3775716817830044
2025-08-23 19:00,0.043440743289906436
2025-08-23 20:00,0.26856218771962015
2025-08-23 21:00,0.01606344499634904
2025-08-23 22:00,0.0
2025-08-23 23:00,0.0
2025-08-24 00:00,0.0
2025-08-24 01:00,0.0
2025-08-24 02:00,0.0
2025-08-24 03:00,0.0
2025-08-24 04:00,0.0
2025-08-24 05:00,0.0
2025-08-24 06:00,1.6209360597665792
2025-08-24 07:00,0.1581787834961086
2025-08-24 08:00,0.0
2025-08-24 09:00,0.0
2025-08-24 10:00,0.0
2025-08-24 11:00,0.06273335125784602
2025-08-24 12:00,1.3487859205788753
2025-08-24 13:00,1.5145023080865676
2025-08-24 14:00,3.6526338779851346
2025-08-24 15:00,4.529536873811185
2025-08-24 16:00,1.64362781109255
2025-08-24 17:00,2.1199402063824584
2025-08-24 18:00,1.3806449640297114
2025-08-24 19:00,0.2071421920822305
2025-08-24 20:00,0.08206110783850401
2025-08-24 21:00,0.0
2025-08-24 22:00,0.0
2025-08-24 23:00,0.0
2025-08-25 00:00,0.0
2025-08-25 01:00,0.9853611574387784
2025-08-25 02:00,1.9348413961443822
2025-08-25 03:00,0.7217629728003505
2025-08-25 04:00,2.7448747139436143
2025-08-25 05:00,2.432758887020222
2025-08-25 06:00,5.392286165939067
2025-08-25 07:00,4.278009159139261
2025-08-25 08:00,2.896283782255288
2025-08-25 09:00,4.720497575537079
2025-08-25 10:00,4.416151323652549
2025-08-25 11:00,2.0205907538012133
2025-08-25 12:00,0.0
2025-08-25 13:00,5.794711633797917
2025-08-25 14:00,9.636170248422264
2025-08-25 15:00,8.2534118565869
2025-08-25 16:00,10.926691822536831
2025-08-25 17:00,17.951557378534368
2025-08-25 18:00,16.055986577982257
2025-08-25 19:00,15.776815989865003
2025-08-25 20:00,16.24293390641054
2025-08-25 21:00,18.941777225047662
2025-08-25 22:00,20.88593052934644
2025-08-25 23:00,23.08940116167769
2025-08-26 00:00,23.20420720284944
2025-08-26 01:00,28.091933133245767
2025-08-26 02:00,32.13627925099393
2025-08-26 03:00,31.710047589494295
2025-08-26 04:00,33.07369506073351
2025-08-26 05:00,33.908331988718146
2025-08-26 06:00,36.98030826292132
2025-08-26 07:00,34.099889439823436
2025-08-26 08:00,30.8266363819589
2025-08-26 09:00,21.469816113151097
2025-08-26 10:00,21.146865151489024
2025-08-26 11:00,29.967519723224658
2025-08-26 12:00,13.328862422268779
2025-08-26 13:00,9.758930155495463
2025-08-26 14:00,1.996034051178054
2025-08-26 15:00,3.515002287662307
2025-08-26 16:00,0.84737042342959
2025-08-26 17:00,0.10309198473868914
2025-08-26 18:00,1.0188519967641108
2025-08-26 19:00,0.5643782189637999
2025-08-26 20:00,2.3627516812859586
2025-08-26 21:00,2.273312006592726
2025-08-26 22:00,0.5423107420804274
2025-08-26 23:00,0.5411822383247424
2025-08-27 00:00,0.1708244723982516
2025-08-27 01:00,0.3170877512238759
2025-08-27 02:00,0.1836597544444265
2025-08-27 03:00,0.5864766216850443
2025-08-27 04:00,0.3568571109212697
2025-08-27 05:00,0.17341317314322113
2025-08-27 06:00,0.8543126741374134
2025-08-27 07:00,0.004808917651135114
2025-08-27 08:00,0.0
2025-08-27 09:00,0.10606019963105517
2025-08-27 10:00,0.039815115370487264
2025-08-27 11:00,0.01065609990931482
2025-08-27 12:00,0.0
2025-08-27 13:00,0.0
2025-08-27 14:00,0.3851272047506422
2025-08-27 15:00,0.0784719461264256
2025-08-27 16:00,0.4592421472952657
2025-08-27 17:00,0.4676096297306873
2025-08-27 18:00,0.7351013085717211
2025-08-27 19:00,0.35783120019882486
2025-08-27 20:00,0.9879635007128136
2025-08-27 21:00,0.4317544913742457
2025-08-27 22:00,0.13704163828330929
2025-08-27 23:00,0.0
2025-08-28 00:00,0.0
2025-08-28 01:00,1.3348891333439061
2025-08-28 02:00,3.4788480770689674
2025-08-28 03:00,6.681457422945488
2025-08-28 04:00,8.985472305768546
2025-08-28 05:00,7.9564680157124315
2025-08-28 06:00,10.313557580518601
2025-08-28 07:00,6.548051223345707
2025-08-28 08:00,3.6543011553202933
2025-08-28 09:00,5.412647531660701
2025-08-28 10:00,3.842776366302989
2025-08-28 11:00,9.071156880648648
2025-08-28 12:00,8.949046059110636
2025-08-28 13:00,2.9242213749575448
2025-08-28 14:00,4.9561207816648825
2025-08-28 15:00,4.9214505372720065
2025-08-28 16:00,7.485717162254181
2025-08-28 17:00,6.55108921508455
2025-08-28 18:00,8.371424802174339
2025-08-28 19:00,2.0684611638913823
2025-08-28 20:00,0.9030178988808273
2025-08-28 21:00,0.18573346644244382
2025-08-28 22:00,2.3447117370750177
2025-08-28 23:00,7.498767136324348
2025-08-29 00:00,7.401338059924074
2025-08-29 01:00,5.952644368993951
2025-08-29 02:00,6.872191890021719
2025-08-29 03:00,5.191073362882156
2025-08-29 04:00,5.735199292044081
2025-08-29 05:00,8.838000443001974
2025-08-29 06:00,5.884991630022968
2025-08-29 07:00,4.878303189073527
2025-08-29 08:00,3.338636701612882
2025-08-29 09:00,2.456105779113004
2025-08-29 10:00,0.6344799677201955
2025-08-29 11:00,0.8663019389810862
2025-08-29 12:00,1.5467910832157938
2025-08-29 13:00,2.117682503273961
2025-08-29 14:00,3.00152122571059
2025-08-29 15:00,4.960908813367688
2025-08-29 16:00,4.541683384226536
2025-08-29 17:00,3.542015354931664
2025-08-29 18:00,4.450210534547187
2025-08-29 19:00,2.2640413226892595
2025-08-29 20:00,0.18624316474327118
2025-08-29 21:00,0.0
2025-08-29 22:00,0.0
2025-08-29 23:00,0.032424052272862824
2025-08-30 00:00,0.030116406011235552
2025-08-30 01:00,1.2713707222040327
2025-08-30 02:00,0.0
2025-08-30 03:00,1.3280220576089516
2025-08-30 04:00,1.5211598867564478
2025-08-30 05:00,2.2695012102262684
2025-08-30 06:00,4.875426633863542
2025-08-30 07:00,3.2331173202036907
2025-08-30 08:00,0.9111101267654211
2025-08-30 09:00,0.0
2025-08-30 10:00,0.0
2025-08-30 11:00,0.0
2025-08-30 12:00,0.07931874005655248
2025-08-30 13:00,0.4783454946981366
2025-08-30 14:00,1.3803383339550699
2025-08-30 15:00,1.0821845116531001
2025-08-30 16:00,0.9147546414565075
2025-08-30 17:00,1.5801975940366026
2025-08-30 18:00,2.0313908510458183
2025-08-30 19:00,0.11958008112574126
2025-08-30 20:00,0.0
2025-08-30 21:00,0.0
2025-08-30 22:00,0.0
2025-08-30 23:00,0.0
2025-08-31 00:00,0.0
2025-08-31 01:00,0.0
2025-08-31 02:00,0.0
2025-08-31 03:00,0.0
2025-08-31 04:00,0.0
2025-08-31 05:00,0.3502156282167588
2025-08-31 06:00,1.1307959321525791
2025-08-31 07:00,0.6968317706403959
2025-08-31 08:00,3.1253793870855833
2025-08-31 09:00,1.2343976121020006
2025-08-31 10:00,0.861496115559351
2025-08-31 11:00,3.867784514766018
2025-08-31 12:00,5.430474636513489
2025-08-31 13:00,1.5082306766517608
2025-08-31 14:00,9.301283367472733
2025-08-31 15:00,13.174703924637505
2025-08-31 16:00,6.99189292692383
2025-08-31 17:00,7.340149992162665
2025-08-31 18:00,3.6382286972214892
2025-08-31 19:00,4.930470517144325
2025-08-31 20:00,15.902149023165165
2025-08-31 21:00,15.21347255610708
2025-08-31 22:00,21.58454309063842
2025-08-31 23:00,25.009318265694077
2025-09-01 00:00,6.051043942782613
2025-09-01 01:00,11.014138351709514
2025-09-01 02:00,15.36562106004337
2025-09-01 03:00,8.454968210613883
2025-09-01 04:00,6.5767734058220135
2025-09-01 05:00,14.856006522775639
2025-09-01 06:00,18.12584097053652
2025-09-01 07:00,14.16270074807503
2025-09-01 08:00,22.877572111571748
2025-09-01 09:00,22.22811837717309
2025-09-01 10:00,23.597793468401257
2025-09-01 11:00,22.480298798836483
2025-09-01 12:00,28.67341327457663
2025-09-01 13:00,28.330993964264596
2025-09-01 14:00,36.46730598757829
2025-09-01 15:00,35.406278460648906
2025-09-01 16:00,41.314833970528845
2025-09-01 17:00,35.30128074724852
2025-09-01 18:00,22.57522022962396
2025-09-01 19:00,25.260757662246675
2025-09-01 20:00,20.842555114329492
2025-09-01 21:00,10.96674202954107
2025-09-01 22:00,10.381044288080885
2025-09-01 23:00,2.5261621931110034
2025-09-02 00:00,1.6871677287490354
2025-09-02 01:00,0.0
2025-09-02 02:00,2.074615811078542
2025-09-02 03:00,1.5548072004973656
2025-09-02 04:00,2.1096211611662317
2025-09-02 05:00,1.5663293149172177
2025-09-02 06:00,1.34067947247507
2025-09-02 07:00,0.1744386525513807
2025-09-02 08:00,0.1614431336224833
2025-09-02 09:00,0.0
2025-09-02 10:00,0.0
2025-09-02 11:00,0.0
2025-09-02 12:00,0.0
2025-09-02 13:00,0.0
2025-09-02 14:00,0.36385865508146475
2025-09-02 15:00,0.0
2025-09-02 16:00,0.14484458211188533
2025-09-02 17:00,0.21805163425448482
2025-09-02 18:00,0.1210758400241504
2025-09-02 19:00,0.3124695391154495
2025-09-02 20:00,0.18341536864859465
2025-09-02 21:00,0.0
2025-09-02 22:00,0.03304940622893898
2025-09-02 23:00,0.0510364039088092
2025-09-03 00:00,0.0
2025-09-03 01:00,0.0
2025-09-03 02:00,0.0
2025-09-03 03:00,0.0
2025-09-03 04:00,0.21734596167409292
2025-09-03 05:00,0.49342124610164273
2025-09-03 06:00,0.23667354404691254
2025-09-03 07:00,0.0
2025-09-03 08:00,0.0
2025-09-03 09:00,0.0
2025-09-03 10:00,0.0
2025-09-03 11:00,0.0
2025-09-03 12:00,0.28596157979170866
2025-09-03 13:00,0.0
2025-09-03 14:00,0.0
2025-09-03 15:00,0.11793810391345605
2025-09-03 16:00,0.3922295857906153
2025-09-03 17:00,0.45561827642259467
2025-09-03 18:00,0.36705185279614105
2025-09-03 19:00,0.0
2025-09-03 20:00,0.0
2025-09-03 21:00,0.0
2025-09-03 22:00,4.276149894145904
2025-09-03 23:00,3.4370210882659493
2025-09-04 00:00,0.0
2025-09-04 01:00,0.0
2025-09-04 02:00,0.0
2025-09-04 03:00,0.5857500386424523
2025-09-04 04:00,2.019163424737938
2025-09-04 05:00,0.2828861222698116
2025-09-04 06:00,0.5669571075013272
2025-09-04 07:00,1.6860475381363864
2025-09-04 08:00,0.8242504774728934
2025-09-04 09:00,0.0
2025-09-04 10:00,0.0
2025-09-04 11:00,0.19707433212282077
2025-09-04 12:00,0.1201827589463983
2025-09-04 13:00,0.2538619747262896
2025-09-04 14:00,3.1767600339688493
2025-09-04 15:00,6.751669990390651
2025-09-04 16:00,9.102447871440447
2025-09-04 17:00,7.910711808145226
2025-09-04 18:00,3.3185624534066567
2025-09-04 19:00,2.9833723526734794
2025-09-04 20:00,1.1312007437303269
2025-09-04 21:00,0.19610048840024796
2025-09-04 22:00,1.2366446871736754
2025-09-04 23:00,1.8773433587312875
2025-09-05 00:00,0.3140489801897758
2025-09-05 01:00,0.41652605448347835
2025-09-05 02:00,2.147261116977249
2025-09-05 03:00,0.6832589668577627
2025-09-05 04:00,0.475708324817124
2025-09-05 05:00,0.7949570457594641
2025-09-05 06:00,0.0
2025-09-05 07:00,0.41107172141313886
2025-09-05 08:00,0.057406401412389174
2025-09-05 09:00,0.0
2025-09-05 10:00,0.0
2025-09-05 11:00,0.0
2025-09-05 12:00,0.0923078885264812
2025-09-05 13:00,0.6126318456038002
2025-09-05 14:00,1.8122262746063775
2025-09-05 15:00,2.4692626531895296
2025-09-05 16:00,1.2435112746983377
2025-09-05 17:00,0.9487513099273586
2025-09-05 18:00,0.0
2025-09-05 19:00,0.0
2025-09-05 20:00,0.0
2025-09-05 21:00,0.0
2025-09-05 22:00,0.0
2025-09-05 23:00,0.6121849630905081
2025-09-06 00:00,7.470705664138922
2025-09-06 01:00,11.804513361178437
2025-09-06 02:00,6.98665681288821
2025-09-06 03:00,14.799910617078785
2025-09-06 04:00,15.149351222717524
2025-09-06 05:00,7.818512079967936
2025-09-06 06:00,9.183233398070556
2025-09-06 07:00,18.077648091868873
2025-09-06 08:00,23.17526730823504
2025-09-06 09:00,24.47090990555879
2025-09-06 10:00,23.258951719322354
2025-09-06 11:00,23.090419526707215
2025-09-06 12:00,31.018773966026853
2025-09-06 13:00,30.59760968858064
2025-09-06 14:00,23.094098469886628
2025-09-06 15:00,22.72868190501094
2025-09-06 16:00,28.069195216594963
2025-09-06 17:00,32.011749865637235
2025-09-06 18:00,24.84629317909156
2025-09-06 19:00,22.75767179244766
2025-09-06 20:00,27.299931756592734
2025-09-06 21:00,22.763462657613182
2025-09-06 22:00,20.39160515729819
2025-09-06 23:00,28.226127625481226
2025-09-07 00:00,21.27867281630163
2025-09-07 01:00,24.869303233111054
2025-09-07 02:00,35.87925608503145
2025-09-07 03:00,29.87905140443038
2025-09-07 04:00,27.22897992197462
2025-09-07 05:00,30.506301680524306
2025-09-07 06:00,4.956979940470841
2025-09-07 07:00,4.183688320447844
2025-09-07 08:00,7.7759911118927185
2025-09-07 09:00,3.123680986342357
2025-09-07 10:00,0.3458897036804621
2025-09-07 11:00,0.0
2025-09-07 12:00,0.24755925079165308
2025-09-07 13:00,0.19756578859233265
2025-09-07 14:00,0.0706434736168593
2025-09-07 15:00,0.3760768873181549
2025-09-07 16:00,0.6713897300794833
2025-09-07 17:00,1.6558398120399471
2025-09-07 18:00,0.6872618176724878
2025-09-07 19:00,0.7073215259225607
2025-09-07 20:00,0.8063688244515677
2025-09-07 21:00,1.7706259517452945
2025-09-07 22:00,0.8656842715075135
2025-09-07 23:00,0.214922230505181
2025-09-08 00:00,0.3271173164752086
2025-09-08 01:00,0.38173467311763
2025-09-08 02:00,0.44586912365760467
2025-09-08 03:00,0.7243818619444615
2025-09-08 04:00,0.14385248521871474
2025-09-08 05:00,0.18821788137745732
2025-09-08 06:00,0.403198025919997
2025-09-08 07:00,0.23511303984357834
2025-09-08 08:00,0.9557212280638028
2025-09-08 09:00,0.0
2025-09-08 10:00,0.0
2025-09-08 11:00,0.0
2025-09-08 12:00,0.036961748240752046
2025-09-08 13:00,1.2674379544857484
2025-09-08 14:00,1.4288105239212536
2025-09-08 15:00,0.51866529232595
2025-09-08 16:00,0.0
2025-09-08 17:00,0.0
2025-09-08 18:00,0.05996515750278031
2025-09-08 19:00,0.40798087874155087
2025-09-08 20:00,0.3115701672276773
2025-09-08 21:00,0.3857034107717442
2025-09-08 22:00,0.31170974520145234
2025-09-08 23:00,0.23119762427649904
2025-09-09 00:00,1.5092572124723334
2025-09-09 01:00,0.7211654943949433
2025-09-09 02:00,0.9886603986161466
2025-09-09 03:00,1.963240221737617
2025-09-09 04:00,0.8887383147426569
2025-09-09 05:00,1.4401508011400965
2025-09-09 06:00,0.7759096835052792
2025-09-09 07:00,1.891234799755853
2025-09-09 08:00,2.140813898329486
2025-09-09 09:00,0.0
2025-09-09 10:00,4.99074576661341
2025-09-09 11:00,7.031966174311378
2025-09-09 12:00,15.61523444630546
2025-09-09 13:00,3.1823497838987227
2025-09-09 14:00,6.573950092404923
2025-09-09 15:00,7.302703480344343
2025-09-09 16:00,18.559721204626705
2025-09-09 17:00,17.472007277814413
2025-09-09 18:00,6.073564288823269
2025-09-09 19:00,4.019608582505228
2025-09-09 20:00,1.2519081574687023
2025-09-09 21:00,0.1264257181066032
2025-09-09 22:00,0.05434785538050102
2025-09-09 23:00,0.38345241858168866
2025-09-10 00:00,0.3091423382788212
2025-09-10 01:00,0.5806744054481351
2025-09-10 02:00,0.4892896391908328
2025-09-10 03:00,0.5152615608284944
2025-09-10 04:00,1.5756997512632596
2025-09-10 05:00,4.288346101508628
2025-09-10 06:00,1.9245659664361692
2025-09-10 07:00,1.7940947017235356
2025-09-10 08:00,3.573464413519172
2025-09-10 09:00,1.0184940332817045
2025-09-10 10:00,3.1540401514263894
2025-09-10 11:00,4.579592994082226
2025-09-10 12:00,4.4350963342103995
2025-09-10 13:00,3.3308582953619013
2025-09-10 14:00,3.6146135820567946
2025-09-10 15:00,4.527392037744914
2025-09-10 16:00,5.7453534302188505
2025-09-10 17:00,7.093859765161373
2025-09-10 18:00,6.2619812052855295
2025-09-10 19:00,8.251780958233581
2025-09-10 20:00,3.7913719379705326
2025-09-10 21:00,2.4546659825803476
2025-09-10 22:00,2.0368362225086445
2025-09-10 23:00,3.0629550443484352
2025-09-11 00:00,0.7361746112826644
2025-09-11 01:00,0.07031447888452869
2025-09-11 02:00,0.2705821976699858
2025-09-11 03:00,0.7857902547098887
2025-09-11 04:00,0.858175785785694
2025-09-11 05:00,1.9569788617321757
2025-09-11 06:00,0.869403496726719
2025-09-11 07:00,1.2177037579392218
2025-09-11 08:00,1.1987526231916115
2025-09-11 09:00,3.1417673952082326
2025-09-11 10:00,2.0659974252140314
2025-09-11 11:00,3.8137604030845282
2025-09-11 12:00,3.1528873577003664
2025-09-11 13:00,1.2642717273657644
2025-09-11 14:00,0.0
2025-09-11 15:00,0.3032678393449282
2025-09-11 16:00,1.0892253237367817
2025-09-11 17:00,4.6213714561676245
2025-09-11 18:00,4.8311148827216694
2025-09-11 19:00,4.792851256797887
2025-09-11 20:00,5.694143624655048
2025-09-11 21:00,7.194666982947881
2025-09-11 22:00,6.304314200537027
2025-09-11 23:00,3.2252518775630787
2025-09-12 00:00,0.9876248157689975
2025-09-12 01:00,2.972862001847601
2025-09-12 02:00,1.7320839862654993
2025-09-12 03:00,3.6061213396119167
2025-09-12 04:00,1.7130484168427755
2025-09-12 05:00,0.7433276896400385
2025-09-12 06:00,6.812106097326508
2025-09-12 07:00,1.3107225559208475
2025-09-12 08:00,1.572746183370361
2025-09-12 09:00,2.3284743683780715
2025-09-12 10:00,1.2341317181520748
2025-09-12 11:00,1.701873251910706
2025-09-12 12:00,2.344143746488584
2025-09-12 13:00,0.8292055985345934
2025-09-12 14:00,0.8301238252306358
2025-09-12 15:00,0.8853467842008476
2025-09-12 16:00,1.972831353017737
2025-09-12 17:00,7.85287640448319
2025-09-12 18:00,2.9551821760372534
2025-09-12 19:00,3.3552394740526443
2025-09-12 20:00,1.9277472796126949
2025-09-12 21:00,0.4613774932934016
2025-09-12 22:00,1.9422796824680777
2025-09-12 23:00,1.9214729535722
2025-09-13 00:00,29.521386464926664
2025-09-13 01:00,34.57181586130556
2025-09-13 02:00,42.15428053186138
2025-09-13 03:00,46.37607925317156
2025-09-13 04:00,46.560494286513716
2025-09-13 05:00,47.16107867209357
2025-09-13 06:00,41.46795115095284
2025-09-13 07:00,44.14791447263254
2025-09-13 08:00,44.89551782740925
2025-09-13 09:00,42.8493101500864
2025-09-13 10:00,37.582603013525606
2025-09-13 11:00,31.086507714889994
2025-09-13 12:00,27.364726254327273
2025-09-13 13:00,15.626240136276337
2025-09-13 14:00,12.445459480603608
2025-09-13 15:00,7.928026932569086
2025-09-13 16:00,4.243254753163081
2025-09-13 17:00,3.5210158191386918
2025-09-13 18:00,2.1628772844883293
2025-09-13 19:00,1.8809596518436584
2025-09-13 20:00,0.7299764938715718
2025-09-13 21:00,0.2814390174075322
2025-09-13 22:00,0.03780393606548205
2025-09-13 23:00,0.19055357597689715
2025-09-14 00:00,1.7641159853456765
2025-09-14 01:00,3.225704609455257
2025-09-14 02:00,1.5798806819195192
2025-09-14 03:00,2.8151355652948946
2025-09-14 04:00,7.073312920777708
2025-09-14 05:00,0.6409256813207118
2025-09-14 06:00,1.8321361305016084
2025-09-14 07:00,1.9772887363613338
2025-09-14 08:00,3.429516826733696
2025-09-14 09:00,0.9520749260050234
2025-09-14 10:00,0.0
2025-09-14 11:00,0.3035232413417843
2025-09-14 12:00,0.9027916400574609
2025-09-14 13:00,2.7081308929899905
2025-09-14 14:00,2.6767714882512936
2025-09-14 15:00,2.5147046306542915
2025-09-14 16:00,1.03322583386158
2025-09-14 17:00,0.22188403430710069
2025-09-14 18:00,0.0
2025-09-14 19:00,0.1698868467483856
2025-09-14 20:00,0.8819000159947712
2025-09-14 21:00,0.3038767708107929
2025-09-14 22:00,0.23896959560618325
2025-09-14 23:00,0.0
2025-09-15 00:00,0.03878287079759596
2025-09-15 01:00,0.1276870254621092
2025-09-15 02:00,0.0
2025-09-15 03:00,0.20223162687638885
2025-09-15 04:00,2.681798333740932
2025-09-15 05:00,0.8480731467921026
2025-09-15 06:00,1.9173906817128468
2025-09-15 07:00,0.0
2025-09-15 08:00,0.0
2025-09-15 09:00,0.0
2025-09-15 10:00,0.6536529717454789
2025-09-15 11:00,0.0
2025-09-15 12:00,0.0
2025-09-15 13:00,0.0
2025-09-15 14:00,0.0
2025-09-15 15:00,0.0
2025-09-15 16:00,0.0
2025-09-15 17:00,0.0
2025-09-15 18:00,0.0
2025-09-15 19:00,0.0
2025-09-15 20:00,0.0
2025-09-15 21:00,0.00033326800483512997
2025-09-15 22:00,0.0
2025-09-15 23:00,0.0730729112829912
2025-09-16 00:00,0.0
2025-09-16 01:00,0.0
2025-09-16 02:00,0.0
2025-09-16 03:00,0.5284670058076513
2025-09-16 04:00,0.3845927072026063
2025-09-16 05:00,0.0
2025-09-16 06:00,0.0
2025-09-16 07:00,0.0
2025-09-16 08:00,0.0
2025-09-16 09:00,0.26103061458648824
2025-09-16 10:00,0.0
2025-09-16 11:00,0.03302633395779497
2025-09-16 12:00,2.4235990319454093
2025-09-16 13:00,6.30574440633502
2025-09-16 14:00,8.714943429016229
2025-09-16 15:00,11.893530628915757
2025-09-16 16:00,19.3201224052983
2025-09-16 17:00,21.23330389188662
2025-09-16 18:00,24.415133382311232
2025-09-16 19:00,17.564476265587285
2025-09-16 20:00,23.795842111765523
2025-09-16 21:00,23.9647211866589
2025-09-16 22:00,19.076489804538802
2025-09-16 23:00,27.02656329564598
2025-09-17 00:00,34.003094968807474
2025-09-17 01:00,28.219714341874045
2025-09-17 02:00,29.33736954252014
2025-09-17 03:00,26.99124998141518
2025-09-17 04:00,27.42940446474361
2025-09-17 05:00,22.52623956154535
2025-09-17 06:00,26.011177027465607
2025-09-17 07:00,21.561785621394844
2025-09-17 08:00,30.837913098747418
2025-09-17 09:00,33.52896470658922
2025-09-17 10:00,22.451285182405947
2025-09-17 11:00,25.33265161435778
2025-09-17 12:00,25.31889295306965
2025-09-17 13:00,11.41790359288533
2025-09-17 14:00,10.1612918557102
2025-09-17 15:00,18.038647392183954
2025-09-17 16:00,11.63220988704115
2025-09-17 17:00,11.717188487792173
2025-09-17 18:00,7.575947508803271
2025-09-17 19:00,23.107004550956304
2025-09-17 20:00,21.387184759737963
2025-09-17 21:00,20.077955611104624
2025-09-17 22:00,19.08312297550413
2025-09-17 23:00,11.747641073845728
2025-09-18 00:00,8.961009805677593
2025-09-18 01:00,6.241019285462569
2025-09-18 02:00,7.28829593150013
2025-09-18 03:00,9.416398824846109
2025-09-18 04:00,15.319858051973128
2025-09-18 05:00,9.746617338240835
2025-09-18 06:00,9.138180907511138
2025-09-18 07:00,4.659807337592399
2025-09-18 08:00,6.767245759218891
2025-09-18 09:00,3.341147005622329
2025-09-18 10:00,1.0958814137474349
2025-09-18 11:00,0.878602226899095
2025-09-18 12:00,0.7436007643212657
2025-09-18 13:00,0.8637642277140714
2025-09-18 14:00,0.45629177065684634
2025-09-18 15:00,0.6807655892311186
2025-09-18 16:00,0.34171333745446264
2025-09-18 17:00,0.0
2025-09-18 18:00,0.0
2025-09-18 19:00,0.20066418621011184
2025-09-18 20:00,0.6815547641898578
2025-09-18 21:00,0.6042188549608716
2025-09-18 22:00,1.1161215945093255
2025-09-18 23:00,2.5546102323067585
2025-09-19 00:00,0.9984730844635192
2025-09-19 01:00,3.4658994804912626
2025-09-19 02:00,1.7357866600149157
2025-09-19 03:00,1.4064897874900004
2025-09-19 04:00,3.528043409432012
2025-09-19 05:00,2.9653529514369974
2025-09-19 06:00,1.8981111228633547
2025-09-19 07:00,1.5811689360521017
2025-09-19 08:00,1.7133232473823186
2025-09-19 09:00,1.168729222409621
2025-09-19 10:00,2.429725809998124
2025-09-19 11:00,2.6177948405492373
2025-09-19 12:00,1.8224863626489567
2025-09-19 13:00,3.6060625487170452
2025-09-19 14:00,2.0939652359557224
2025-09-19 15:00,0.3403924628653455
2025-09-19 16:00,1.2344523354645438
2025-09-19 17:00,3.4373520531985076
2025-09-19 18:00,5.439156519748861
2025-09-19 19:00,8.100654344936995
2025-09-19 20:00,6.178576601662966
2025-09-19 21:00,17.088818843872865
2025-09-19 22:00,20.0537018251149
2025-09-19 23:00,12.0490465967667
2025-09-20 00:00,45.646910497220155
2025-09-20 01:00,46.42806950376741
2025-09-20 02:00,46.80468868100326
2025-09-20 03:00,49.03660585564084
2025-09-20 04:00,49.00859959940528
2025-09-20 05:00,50.559212514581915
2025-09-20 06:00,32.941618085104885
2025-09-20 07:00,33.127603733134954
2025-09-20 08:00,20.947153480079074
2025-09-20 09:00,20.469125049488543
2025-09-20 10:00,23.869071198280757
2025-09-20 11:00,25.524885828039768
2025-09-20 12:00,17.958827182304194
2025-09-20 13:00,17.9605873118332
2025-09-20 14:00,14.57209615036157
2025-09-20 15:00,14.248806085519394
2025-09-20 16:00,26.993342121676527
2025-09-20 17:00,32.542828903660514
2025-09-20 18:00,29.57436991611992
2025-09-20 19:00,35.67204577387501
2025-09-20 20:00,30.95764801163725
2025-09-20 21:00,16.458690011458295
2025-09-20 22:00,11.482497129880045
2025-09-20 23:00,8.710527291193289
2025-09-21 00:00,5.5996353550272016
2025-09-21 01:00,7.962552591459083
2025-09-21 02:00,6.803537049870775
2025-09-21 03:00,9.726937927355902
2025-09-21 04:00,6.58612058876041
2025-09-21 05:00,6.59727994264834
2025-09-21 06:00,7.3232326509914625
2025-09-21 07:00,6.876108983924983
2025-09-21 08:00,6.038519504916959
2025-09-21 09:00,5.760130195208269
2025-09-21 10:00,3.0635381347497295
2025-09-21 11:00,1.8631332456456544
2025-09-21 12:00,6.354907383175297
2025-09-21 13:00,5.0848835871330795
2025-09-21 14:00,9.233973752602298
2025-09-21 15:00,16.752219681187924
2025-09-21 16:00,21.3189298924298
2025-09-21 17:00,22.048131179960297
2025-09-21 18:00,20.722835216715843
2025-09-21 19:00,16.631650939184663
2025-09-21 20:00,9.516070123030035
2025-09-21 21:00,7.161668567016088
2025-09-21 22:00,9.376889966699768
2025-09-21 23:00,5.885607730315801
2025-09-22 00:00,7.180325020553509
2025-09-22 01:00,4.470441227689589
2025-09-22 02:00,7.415543721321908
2025-09-22 03:00,7.312483211317673
2025-09-22 04:00,7.939538979276493
2025-09-22 05:00,6.170860809302146
2025-09-22 06:00,4.753563772393745
2025-09-22 07:00,7.118279464630973
2025-09-22 08:00,6.844632900915336
2025-09-22 09:00,2.7907317722402096
2025-09-22 10:00,4.973410852004253
2025-09-22 11:00,4.377350522455956
2025-09-22 12:00,3.3887650150978073
2025-09-22 13:00,2.532125125641944
2025-09-22 14:00,1.3389093624010076
2025-09-22 15:00,1.5828418789078356
2025-09-22 16:00,4.207493060603481
2025-09-22 17:00,5.31999792839647
2025-09-22 18:00,6.107089400385892
2025-09-22 19:00,4.916920275435585
2025-09-22 20:00,4.44940940473378
2025-09-22 21:00,3.8733252798193054
2025-09-22 22:00,6.318703662268222
2025-09-22 23:00,4.53500087097513
2025-09-23 00:00,2.817377690999231
2025-09-23 01:00,2.965703472962948
2025-09-23 02:00,5.39872818517151
2025-09-23 03:00,4.859250751064067
2025-09-23 04:00,5.252307648766534
2025-09-23 05:00,5.2881265654742595
2025-09-23 06:00,3.4536438871830604
2025-09-23 07:00,4.5629295412801785
2025-09-23 08:00,4.257616445205066
2025-09-23 09:00,3.5790992460706956
2025-09-23 10:00,1.9759126935699127
2025-09-23 11:00,2.9288647715808
2025-09-23 12:00,1.1770421912412528
2025-09-23 13:00,1.4297961741951024
2025-09-23 14:00,2.5585088456123253
2025-09-23 15:00,4.507204223288619
2025-09-23 16:00,3.369260474814891
2025-09-23 17:00,6.15357275780072
2025-09-23 18:00,5.647043492830774
2025-09-23 19:00,3.42840149871101
2025-09-23 20:00,4.189453939430937
2025-09-23 21:00,4.738038874596496
2025-09-23 22:00,4.403603020221187
2025-09-23 23:00,7.714791566526539
2025-09-24 00:00,0.8738970179076837
2025-09-24 01:00,2.2225291466167865
2025-09-24 02:00,2.8466617806345362
2025-09-24 03:00,5.2685843852934795
2025-09-24 04:00,6.197326574864235
2025-09-24 05:00,6.379339262191703
2025-09-24 06:00,7.020391044641238
2025-09-24 07:00,6.193023104301689
2025-09-24 08:00,5.094618215608753
2025-09-24 09:00,3.6509694815757388
2025-09-24 10:00,17.264253616756424
2025-09-24 11:00,24.708080575005695
2025-09-24 12:00,32.89443815416737
2025-09-24 13:00,34.76921155243292
2025-09-24 14:00,31.206037500484854
2025-09-24 15:00,33.604364705306075
2025-09-24 16:00,33.61604763737467
2025-09-24 17:00,26.773410242157475
2025-09-24 18:00,25.15416438774581
2025-09-24 19:00,19.250677529655206
2025-09-24 20:00,21.595666951543116
2025-09-24 21:00,22.467972446087856
2025-09-24 22:00,14.410743518119407
2025-09-24 23:00,6.650719027572713
2025-09-25 00:00,8.234478080053128
2025-09-25 01:00,8.024231735384188
2025-09-25 02:00,10.982025472112149
2025-09-25 03:00,7.2803472331040044
2025-09-25 04:00,2.8245518606251685
2025-09-25 05:00,3.212562970290703
2025-09-25 06:00,4.9650009727344635
2025-09-25 07:00,18.995075946909946
2025-09-25 08:00,19.798826152893106
2025-09-25 09:00,31.04931304623944
2025-09-25 10:00,16.02403360841611
2025-09-25 11:00,7.734446928049177
2025-09-25 12:00,4.796584152921252
2025-09-25 13:00,2.1645673928509805
2025-09-25 14:00,0.0
2025-09-25 15:00,0.279273027315743
2025-09-25 16:00,1.7737873448349402
2025-09-25 17:00,1.470523743770037
2025-09-25 18:00,1.1714576616595407
2025-09-25 19:00,1.5434066619432114
2025-09-25 20:00,2.4188193008020527
2025-09-25 21:00,2.34237839191367
2025-09-25 22:00,1.1304688319731295
2025-09-25 23:00,1.3509287908929224
2025-09-26 00:00,2.6462009705781173
2025-09-26 01:00,2.443340976034752
2025-09-26 02:00,5.068176965079637
2025-09-26 03:00,12.839811841466437
2025-09-26 04:00,11.687814654789753
2025-09-26 05:00,13.181478128609754
2025-09-26 06:00,17.43368482113277
2025-09-26 07:00,9.328226387838875
2025-09-26 08:00,7.010631129854
2025-09-26 09:00,2.6248368454379065
2025-09-26 10:00,0.7791338630496227
2025-09-26 11:00,0.995547467500681
2025-09-26 12:00,1.4696901601411079
2025-09-26 13:00,2.171805431511075
2025-09-26 14:00,4.198570788014234
2025-09-26 15:00,8.165014969169587
2025-09-26 16:00,9.246168759646565
2025-09-26 17:00,11.336771256391298
2025-09-26 18:00,8.047107343145008
2025-09-26 19:00,6.466972207522341
2025-09-26 20:00,8.618886193085253
2025-09-26 21:00,7.740359476011118
2025-09-26 22:00,4.515946274828675
2025-09-26 23:00,2.977029536035386
2025-09-27 00:00,1.3278365939786394
2025-09-27 01:00,0.8231592407905968
2025-09-27 02:00,1.7686842321102523
2025-09-27 03:00,4.196415183001012
2025-09-27 04:00,3.3543977190070784
2025-09-27 05:00,1.3952444552601841
2025-09-27 06:00,1.3765802278083588
2025-09-27 07:00,0.12013381882625584
2025-09-27 08:00,3.048714785486266
2025-09-27 09:00,0.29105066843894967
2025-09-27 10:00,0.308434752955582
2025-09-27 11:00,1.5694799275322289
2025-09-27 12:00,0.0
2025-09-27 13:00,1.0736098480745893
2025-09-27 14:00,4.474151161706631
2025-09-27 15:00,3.5345756101457257
2025-09-27 16:00,10.203029872692724
2025-09-27 17:00,6.8303138977586375
2025-09-27 18:00,0.05893487649115425
2025-09-27 19:00,0.0
2025-09-27 20:00,0.0
2025-09-27 21:00,0.0
2025-09-27 22:00,0.2082289769403144
2025-09-27 23:00,0.03064667080043637
2025-09-28 00:00,0.8310620349346425
2025-09-28 01:00,0.7324402224256725
2025-09-28 02:00,1.052866262064787
2025-09-28 03:00,1.6363348214237186
2025-09-28 04:00,1.2071460905537403
2025-09-28 05:00,7.661420393156041
2025-09-28 06:00,10.995516060174825
2025-09-28 07:00,11.645723601252758
2025-09-28 08:00,25.39866147953737
2025-09-28 09:00,30.584604933765696
2025-09-28 10:00,30.880094702743392
2025-09-28 11:00,26.886011019277433
2025-09-28 12:00,28.877306575668676
2025-09-28 13:00,24.9627021996412
2025-09-28 14:00,23.950603249574037
2025-09-28 15:00,18.11766473504513
2025-09-28 16:00,15.185264167153711
2025-09-28 17:00,12.883163785003708
2025-09-28 18:00,14.652953759109927
2025-09-28 19:00,14.948793683490443
2025-09-28 20:00,12.05447407497817
2025-09-28 21:00,14.430075428444992
2025-09-28 22:00,18.953366777058392
2025-09-28 23:00,16.79753492981409
2025-09-29 00:00,4.310279782124166
2025-09-29 01:00,3.060384763999243
2025-09-29 02:00,3.2883275173002535
2025-09-29 03:00,9.283485194602097
2025-09-29 04:00,14.962761354886368
2025-09-29 05:00,13.683468238855845
2025-09-29 06:00,11.85102833150291
2025-09-29 07:00,10.236742812893384
2025-09-29 08:00,8.31160784173483
2025-09-29 09:00,7.726465683774608
2025-09-29 10:00,5.163638087620933
2025-09-29 11:00,5.73247108181085
2025-09-29 12:00,3.4667854383836496
2025-09-29 13:00,3.753790073423963
2025-09-29 14:00,5.0267887857742775
2025-09-29 15:00,7.747412874661851
2025-09-29 16:00,4.862328061922179
2025-09-29 17:00,4.672789302547182
2025-09-29 18:00,5.529941393434058
2025-09-29 19:00,2.819357035656099
2025-09-29 20:00,3.376369116253549
2025-09-29 21:00,1.9444581368340903
2025-09-29 22:00,2.0836801275030226
2025-09-29 23:00,1.35772306355785
2025-09-30 00:00,1.1694625609362055
2025-09-30 01:00,0.7584464711770003
2025-09-30 02:00,1.543284915056203
2025-09-30 03:00,2.719485313600521
2025-09-30 04:00,3.0441481375409096
2025-09-30 05:00,1.4300880551363986
2025-09-30 06:00,1.732790808136007
2025-09-30 07:00,0.93157560700678
2025-09-30 08:00,0.21193759346066554
2025-09-30 09:00,0.22142633232723474
2025-09-30 10:00,0.14720111748807407
2025-09-30 11:00,1.051192781093186
2025-09-30 12:00,1.5231329178101292
2025-09-30 13:00,1.3288290247617027
2025-09-30 14:00,5.484353280508415
2025-09-30 15:00,8.882481688190833
2025-09-30 16:00,10.716746351280566
2025-09-30 17:00,16.344650033862006
2025-09-30 18:00,17.056768527887424
2025-09-30 19:00,9.409254821602092
2025-09-30 20:00,4.440307245466737
2025-09-30 21:00,3.814078551972489
2025-09-30 22:00,3.803951419750954
2025-09-30 23:00,4.214616863788631
2025-10-01 00:00,4.012706564609774
2025-10-01 01:00,4.554167926771241
2025-10-01 02:00,4.216692693614187
2025-10-01 03:00,6.922381351248786
2025-10-01 04:00,6.695472857142368
2025-10-01 05:00,4.607386095887751
2025-10-01 06:00,6.194363010798492
2025-10-01 07:00,3.523018049892713
2025-10-01 08:00,1.55757205643016
2025-10-01 09:00,1.8450177514515729
2025-10-01 10:00,0.19839251961223736
2025-10-01 11:00,0.7982932755106842
2025-10-01 12:00,0.9875253471123648
2025-10-01 13:00,1.686001505902596
2025-10-01 14:00,3.2050662053864394
2025-10-01 15:00,6.192655990743386
2025-10-01 16:00,8.081147145541806
2025-10-01 17:00,12.872465684193747
2025-10-01 18:00,6.058251593848288
2025-10-01 19:00,3.4393841132935603
2025-10-01 20:00,8.072766111509855
2025-10-01 21:00,4.417993301170876
2025-10-01 22:00,1.4976976675703129
2025-10-01 23:00,1.0424946139693714
2025-10-02 00:00,0.7211663408301177
2025-10-02 01:00,0.3023391910421296
2025-10-02 02:00,1.1088370376850336
2025-10-02 03:00,0.7005917895939147
2025-10-02 04:00,1.5454599332305738
2025-10-02 05:00,1.093699774938929
2025-10-02 06:00,0.25082007604580747
2025-10-02 07:00,0.0
2025-10-02 08:00,0.38977123751199594
2025-10-02 09:00,0.09345656489695037
2025-10-02 10:00,0.0
2025-10-02 11:00,0.0
2025-10-02 12:00,0.0
2025-10-02 13:00,0.0
2025-10-02 14:00,0.0
2025-10-02 15:00,0.19817110042624153
2025-10-02 16:00,0.010318509174276569
2025-10-02 17:00,0.14296999135931004
2025-10-02 18:00,0.164370602090822
2025-10-02 19:00,0.33180280574104215
2025-10-02 20:00,0.02522404113426796
2025-10-02 21:00,0.5341678696186286
2025-10-02 22:00,1.5863369741905884
2025-10-02 23:00,2.707949278336396
2025-10-03 00:00,2.080651666391981
2025-10-03 01:00,0.8071536052860067
2025-10-03 02:00,3.9564446794235564
2025-10-03 03:00,1.467609708115196
2025-10-03 04:00,10.610191028750428
2025-10-03 05:00,7.068054661628869
2025-10-03 06:00,6.309960403313452
2025-10-03 07:00,11.884415574606155
2025-10-03 08:00,9.947150455476212
2025-10-03 09:00,6.718716361296693
2025-10-03 10:00,13.025307223692923
2025-10-03 11:00,17.83481499361705
2025-10-03 12:00,20.54970325370817
2025-10-03 13:00,24.262618017511507
2025-10-03 14:00,22.304947166203235
2025-10-03 15:00,23.673034222079977
2025-10-03 16:00,19.71952070906071
2025-10-03 17:00,20.31947884217438
2025-10-03 18:00,15.293293779224143
2025-10-03 19:00,16.753050377882012
2025-10-03 20:00,15.316441252157142
2025-10-03 21:00,25.020520676965738
2025-10-03 22:00,26.864458100836707
2025-10-03 23:00,25.575322901086246
2025-10-04 00:00,6.327565959757166
2025-10-04 01:00,5.175919577195794
2025-10-04 02:00,5.815147695704146
2025-10-04 03:00,10.825000121928152
2025-10-04 04:00,11.037754694023842
2025-10-04 05:00,8.769031538078702
2025-10-04 06:00,6.5777729244961005
2025-10-04 07:00,6.297922169271493
2025-10-04 08:00,5.4810484398520884
2025-10-04 09:00,1.7526831544556396
2025-10-04 10:00,2.893302819107106
2025-10-04 11:00,4.69205060290996
2025-10-04 12:00,4.258515738057982
2025-10-04 13:00,6.467055678689611
2025-10-04 14:00,8.723344043887636
2025-10-04 15:00,8.127800902504692
2025-10-04 16:00,8.342505610074024
2025-10-04 17:00,8.221878830166
2025-10-04 18:00,6.2645111234696245
2025-10-04 19:00,5.450265216442332
2025-10-04 20:00,4.580567867206199
2025-10-04 21:00,4.774880955146738
2025-10-04 22:00,4.803259440721332
2025-10-04 23:00,4.708234312108177
2025-10-05 00:00,3.5707610277643345
2025-10-05 01:00,2.790038448976632
2025-10-05 02:00,3.0139157374081456
2025-10-05 03:00,2.084468632361371
2025-10-05 04:00,2.5446303709121465
2025-10-05 05:00,3.553539926283353
2025-10-05 06:00,3.424312262282045
2025-10-05 07:00,2.222702035805645
2025-10-05 08:00,1.2857341563596572
2025-10-05 09:00,0.8369061677928284
2025-10-05 10:00,0.1327170630225174
2025-10-05 11:00,0.07216615519704295
2025-10-05 12:00,0.7928157813745018
2025-10-05 13:00,1.1082822267400152
2025-10-05 14:00,1.5665859241505338
2025-10-05 15:00,1.7936978519024667
2025-10-05 16:00,2.8381490516187724
2025-10-05 17:00,2.777920769456898
2025-10-05 18:00,3.161077344708487
2025-10-05 19:00,2.6740678453627034
2025-10-05 20:00,1.4533765244102435
2025-10-05 21:00,1.152423974255544
2025-10-05 22:00,1.7565520791126854
2025-10-05 23:00,2.196944699416711
2025-10-06 00:00,1.3417705944513854
2025-10-06 01:00,1.4366275129798518
2025-10-06 02:00,1.9994953082791072
2025-10-06 03:00,1.8297626253838266
2025-10-06 04:00,2.1232130988191424
2025-10-06 05:00,2.081122513403121
2025-10-06 06:00,3.1133477723133374
2025-10-06 07:00,2.620613018056917
2025-10-06 08:00,4.9454259528634505
2025-10-06 09:00,9.843480749576557
2025-10-06 10:00,7.58670484350192
2025-10-06 11:00,8.020383115150704
2025-10-06 12:00,17.162647150316864
2025-10-06 13:00,17.364782866236283
2025-10-06 14:00,6.830734642142247
2025-10-06 15:00,2.766789008317198
2025-10-06 16:00,4.49962221230982
2025-10-06 17:00,7.860399464196778
2025-10-06 18:00,10.084531770165832
2025-10-06 19:00,21.291923708767435
2025-10-06 20:00,31.98856600477084
2025-10-06 21:00,40.46222133002674
2025-10-06 22:00,43.19289071574649
2025-10-06 23:00,33.92165989842646
2025-10-07 00:00,36.64980651261137
2025-10-07 01:00,31.9887238958771
2025-10-07 02:00,37.56934700356938
2025-10-07 03:00,36.35113426156489
2025-10-07 04:00,32.64994831504487
2025-10-07 05:00,25.751913585638825
2025-10-07 06:00,25.310521408260442
2025-10-07 07:00,16.281323193855673
2025-10-07 08:00,8.93939899452762
2025-10-07 09:00,5.238551151703179
2025-10-07 10:00,5.95537688560883
2025-10-07 11:00,6.192090528530798
2025-10-07 12:00,4.109068933608921
2025-10-07 13:00,4.609134367270542
2025-10-07 14:00,1.5827316189296092
2025-10-07 15:00,9.797421159603207
2025-10-07 16:00,3.7305520912904453
2025-10-07 17:00,3.7839524587742512
2025-10-07 18:00,4.4894751126236585
2025-10-07 19:00,5.010714402452319
2025-10-07 20:00,1.7931613216846718
2025-10-07 21:00,0.40589037244198334
2025-10-07 22:00,0.25732494310801024
2025-10-07 23:00,0.8557632981586292
2025-10-08 00:00,5.62170846272228
2025-10-08 01:00,6.447819209701931
2025-10-08 02:00,7.161386015627054
2025-10-08 03:00,10.42121468817512
2025-10-08 04:00,12.007819545781231
2025-10-08 05:00,13.175627857808902
2025-10-08 06:00,13.598388785149442
2025-10-08 07:00,10.748185053377396
2025-10-08 08:00,13.917516814725131
2025-10-08 09:00,13.396945480961069
2025-10-08 10:00,11.661637418514886
2025-10-08 11:00,6.245933999474868
2025-10-08 12:00,5.183381259218557
2025-10-08 13:00,7.903699396298165
2025-10-08 14:00,12.4103132071934
2025-10-08 15:00,11.295806556664406
2025-10-08 16:00,20.09475466514428
2025-10-08 17:00,15.478568787108165
2025-10-08 18:00,6.983926899063439
2025-10-08 19:00,7.061961956175965
2025-10-08 20:00,7.661815577600988
2025-10-08 21:00,7.568302082355142
2025-10-08 22:00,2.8041735397127043
2025-10-08 23:00,2.5820378189944964
2025-10-09 00:00,2.5471021759899277
2025-10-09 01:00,2.1812136490844805
2025-10-09 02:00,4.043997614635387
2025-10-09 03:00,3.252856287468346
2025-10-09 04:00,2.6047788615696477
2025-10-09 05:00,4.086984123233705
2025-10-09 06:00,4.642671110600515
2025-10-09 07:00,5.638308114750663
2025-10-09 08:00,4.524285840475498
2025-10-09 09:00,6.328862235056816
2025-10-09 10:00,5.719812070032061
2025-10-09 11:00,3.195940601863463
2025-10-09 12:00,0.9297503772710591
2025-10-09 13:00,0.11983035989164242
2025-10-09 14:00,0.02010648613719096
2025-10-09 15:00,0.6100375972193839
2025-10-09 16:00,1.2044437775609893
2025-10-09 17:00,1.909641711316659
2025-10-09 18:00,1.894072358374435
2025-10-09 19:00,3.3744355008717024
2025-10-09 20:00,15.358101337572188
2025-10-09 21:00,9.798526157859108
2025-10-09 22:00,3.767109437682844
2025-10-09 23:00,5.872105009201302
2025-10-10 00:00,5.7908348629347355
2025-10-10 01:00,4.144585894490694
2025-10-10 02:00,5.421500156208587
2025-10-10 03:00,5.428573698546314
2025-10-10 04:00,4.538224485462392
2025-10-10 05:00,4.667703106117056
2025-10-10 06:00,4.084984448306466
2025-10-10 07:00,3.1027465250423503
2025-10-10 08:00,1.4430401903314813
2025-10-10 09:00,3.3927861413804608
2025-10-10 10:00,0.3703757785780729
2025-10-10 11:00,0.0
2025-10-10 12:00,0.0
2025-10-10 13:00,0.0
2025-10-10 14:00,1.6228854184245625
2025-10-10 15:00,1.4156121043644752
2025-10-10 16:00,1.7280299193253774
2025-10-10 17:00,1.4723893269211743
2025-10-10 18:00,0.5428202792590782
2025-10-10 19:00,0.36831848812081647
2025-10-10 20:00,0.5633670288438182
2025-10-10 21:00,0.6534044973668562
2025-10-10 22:00,2.2574226937546285
2025-10-10 23:00,1.1129423389827688
2025-10-11 00:00,5.627658910865794
2025-10-11 01:00,0.7570372498687556
2025-10-11 02:00,0.06779527347982384
2025-10-11 03:00,0.0
2025-10-11 04:00,0.008936148642509578
2025-10-11 05:00,0.26968177672460325
2025-10-11 06:00,0.6130763543979656
2025-10-11 07:00,0.2185156098532861
2025-10-11 08:00,0.5855089053392588
2025-10-11 09:00,0.04377272553548173
2025-10-11 10:00,0.11877024012542087
2025-10-11 11:00,1.402139020884517
2025-10-11 12:00,1.7273170155961028
2025-10-11 13:00,5.103966329653428
2025-10-11 14:00,6.590558853664245
2025-10-11 15:00,7.607868619806629
2025-10-11 16:00,8.197579885782458
2025-10-11 17:00,9.209890883733793
2025-10-11 18:00,8.104546622782832
2025-10-11 19:00,5.344234506482808
2025-10-11 20:00,8.74546669901109
2025-10-11 21:00,10.09234574710414
2025-10-11 22:00,9.119151351348766
2025-10-11 23:00,7.972084604217539
2025-10-12 00:00,9.288158678535732
2025-10-12 01:00,11.828408093219211
2025-10-12 02:00,14.091178668478111
2025-10-12 03:00,18.11387612782197
2025-10-12 04:00,15.61983327344859
2025-10-12 05:00,16.13985134784181
2025-10-12 06:00,14.413463547042369
2025-10-12 07:00,9.467013780678261
2025-10-12 08:00,13.860807386862376
2025-10-12 09:00,12.011687464158456
2025-10-12 10:00,9.616283214314892
2025-10-12 11:00,8.718392928054488
2025-10-12 12:00,9.652818902151695
2025-10-12 13:00,10.38657838341198
2025-10-12 14:00,11.337795204171602
2025-10-12 15:00,10.84233012819472
2025-10-12 16:00,9.73534659433955
2025-10-12 17:00,7.9279952737073565
2025-10-12 18:00,6.960372668999961
2025-10-12 19:00,7.293527974399462
2025-10-12 20:00,3.8164202097525535
2025-10-12 21:00,2.670096781839329
2025-10-12 22:00,2.7574598048050913
2025-10-12 23:00,6.153394142661954
2025-10-13 00:00,6.420535439907827
2025-10-13 01:00,6.714198758995947
2025-10-13 02:00,3.2531763820471995
2025-10-13 03:00,5.377388211367801
2025-10-13 04:00,4.316485781581518
2025-10-13 05:00,3.0662098175192605
2025-10-13 06:00,2.104433046247467
2025-10-13 07:00,2.1863540277630085
2025-10-13 08:00,5.063964664746145
2025-10-13 09:00,3.0376394792635852
2025-10-13 10:00,11.049724545404555
2025-10-13 11:00,10.343561873229365
2025-10-13 12:00,11.718206594712658
2025-10-13 13:00,19.11933545770054
2025-10-13 14:00,25.825543193194477
2025-10-13 15:00,22.7010494512185
2025-10-13 16:00,44.01771406407631
2025-10-13 17:00,42.88474858624024
2025-10-13 18:00,31.109168172068596
2025-10-13 19:00,23.4178597474935
2025-10-13 20:00,10.229202570168967
2025-10-13 21:00,9.786709751433815
2025-10-13 22:00,10.312679695954873
2025-10-13 23:00,9.226224076345844
2025-10-14 00:00,8.230665862137394
2025-10-14 01:00,10.369978862636916
2025-10-14 02:00,10.788960595085225
2025-10-14 03:00,16.737230342040554
2025-10-14 04:00,13.409653774555636
2025-10-14 05:00,10.293286333943243
2025-10-14 06:00,8.119985871668487
2025-10-14 07:00,7.85296367866165
2025-10-14 08:00,6.585743074687594
2025-10-14 09:00,1.9390891996702395
2025-10-14 10:00,1.0092209873294777
2025-10-14 11:00,0.4095188219032464
2025-10-14 12:00,0.48287314927042957
2025-10-14 13:00,0.18754972602336162
2025-10-14 14:00,0.12417098483483469
2025-10-14 15:00,0.18597240089917522
2025-10-14 16:00,0.3708315468578357
2025-10-14 17:00,0.8439360578685775
2025-10-14 18:00,2.1525315660787467
2025-10-14 19:00,1.1117267564376427
2025-10-14 20:00,1.5178536729926737
2025-10-14 21:00,1.7198163066333936
2025-10-14 22:00,2.658102245185342
2025-10-14 23:00,5.14759652244773
2025-10-15 00:00,3.7319947952979615
2025-10-15 01:00,3.678574692690907
2025-10-15 02:00,3.4451855338157795
2025-10-15 03:00,2.6358325017475397
2025-10-15 04:00,3.1883571217259115
2025-10-15 05:00,4.775268353823735
2025-10-15 06:00,5.2233480897837214
2025-10-15 07:00,6.565564663145274
2025-10-15 08:00,4.116092811440613
2025-10-15 09:00,2.6689540982122426
2025-10-15 10:00,2.02314514611775
2025-10-15 11:00,1.3345421593637576
2025-10-15 12:00,1.4251595953192069
2025-10-15 13:00,0.8645590952636022
2025-10-15 14:00,0.8352910083262963
2025-10-15 15:00,0.8896031527903532
2025-10-15 16:00,1.3575236781837245
2025-10-15 17:00,5.272662402302872
2025-10-15 18:00,12.540788843859165
2025-10-15 19:00,8.619036960856949
2025-10-15 20:00,6.5534522600074325
2025-10-15 21:00,18.10449720050642
2025-10-15 22:00,17.940675278565877
2025-10-15 23:00,17.67158498767473
2025-10-16 00:00,30.283483889673022
2025-10-16 01:00,35.95960522065581
2025-10-16 02:00,39.737022731459895
2025-10-16 03:00,40.04411060510885
2025-10-16 04:00,44.27595775160434
2025-10-16 05:00,39.72631896069157
2025-10-16 06:00,29.521462698472924
2025-10-16 07:00,14.160199496040608
2025-10-16 08:00,9.797133937807613
2025-10-16 09:00,8.349937831968472
2025-10-16 10:00,8.670665846588086
2025-10-16 11:00,1.809559361007385
2025-10-16 12:00,2.5706385997833734
2025-10-16 13:00,10.43376777497212
2025-10-16 14:00,11.157742090165524
2025-10-16 15:00,26.048193757817295
2025-10-16 16:00,28.035967077911273
2025-10-16 17:00,27.787664595003438
2025-10-16 18:00,23.978463643667315
2025-10-16 19:00,19.42687562297757
2025-10-16 20:00,14.997678148320176
2025-10-16 21:00,9.468497723091982
2025-10-16 22:00,8.980301267270525
2025-10-16 23:00,8.491644478656816
2025-10-17 00:00,7.841781925904106
2025-10-17 01:00,9.048906668729325
2025-10-17 02:00,4.288580939738335
2025-10-17 03:00,5.087924728349019
2025-10-17 04:00,7.639808820325692
2025-10-17 05:00,9.354697891853057
2025-10-17 06:00,8.090028448048663
2025-10-17 07:00,5.209229900220842
2025-10-17 08:00,5.879411323201888
2025-10-17 09:00,2.12034208372989
2025-10-17 10:00,1.7109446221703668
2025-10-17 11:00,1.299800135794515
2025-10-17 12:00,0.0
2025-10-17 13:00,0.10962372744503396
2025-10-17 14:00,1.71989727530645
2025-10-17 15:00,2.306413068085355
2025-10-17 16:00,6.762568953615025
2025-10-17 17:00,4.305805079651819
2025-10-17 18:00,5.821742495596299
2025-10-17 19:00,11.348851720972384
2025-10-17 20:00,3.6662794833148324
2025-10-17 21:00,2.4807062660795025
2025-10-17 22:00,40.86443305792674
2025-10-17 23:00,38.288062072450515
2025-10-18 00:00,6.606918577344935
2025-10-18 01:00,24.46420318784118
2025-10-18 02:00,31.37987168037531
2025-10-18 03:00,41.297860102910434
2025-10-18 04:00,38.51582372840375
2025-10-18 05:00,19.61941748006911
2025-10-18 06:00,22.482808392092117
2025-10-18 07:00,35.10913937022644
2025-10-18 08:00,29.931252700822178
2025-10-18 09:00,12.54798807201119
2025-10-18 10:00,16.440850680116093
2025-10-18 11:00,39.42449458141879
2025-10-18 12:00,49.648423161794035
2025-10-18 13:00,50.2658257986973
2025-10-18 14:00,47.11914991603397
2025-10-18 15:00,43.04871270046396
2025-10-18 16:00,35.32475226291208
2025-10-18 17:00,28.422439104431092
2025-10-18 18:00,32.2006581070812
2025-10-18 19:00,36.46563159973855
2025-10-18 20:00,27.98032615592282
2025-10-18 21:00,15.522410933469073
2025-10-18 22:00,13.74852011777137
2025-10-18 23:00,9.05202166244668
2025-10-19 00:00,8.010753511554078
2025-10-19 01:00,8.626546301348
2025-10-19 02:00,7.858162227989906
2025-10-19 03:00,5.598066945181628
2025-10-19 04:00,6.983342141174532
2025-10-19 05:00,5.660876737416354
2025-10-19 06:00,7.812359000280033
2025-10-19 07:00,2.235640518851081
2025-10-19 08:00,1.1389995318292327
2025-10-19 09:00,0.1890276758997813
2025-10-19 10:00,0.0
2025-10-19 11:00,0.3180434598962989
2025-10-19 12:00,2.0444161079166854
2025-10-19 13:00,5.973818364713637
2025-10-19 14:00,16.278307478261564
2025-10-19 15:00,21.363069137932932
2025-10-19 16:00,35.22284368635061
2025-10-19 17:00,36.96752662361715
2025-10-19 18:00,39.87320958932988
2025-10-19 19:00,55.3305073171179
2025-10-19 20:00,59.47020559080886
2025-10-19 21:00,57.81833771182942
2025-10-19 22:00,56.99633626630277
2025-10-19 23:00,52.95563279317461
2025-10-20 00:00,56.272875425252096
2025-10-20 01:00,57.04108945610009
2025-10-20 02:00,57.66066410772425
2025-10-20 03:00,58.33372356051313
2025-10-20 04:00,59.80793616667396
2025-10-20 05:00,52.852310041678656
2025-10-20 06:00,45.40100353521945
2025-10-20 07:00,34.38774437380288
2025-10-20 08:00,37.81470909429742
2025-10-20 09:00,35.61300824807216
2025-10-20 10:00,31.71720618848355
2025-10-20 11:00,34.43282613833141
2025-10-20 12:00,34.875109909229764
2025-10-20 13:00,33.539760023668016
2025-10-20 14:00,33.967163131473455
2025-10-20 15:00,36.37880032607879
2025-10-20 16:00,44.24150153754923
2025-10-20 17:00,44.22230144082706
2025-10-20 18:00,45.1217357553085
2025-10-20 19:00,49.58886631683105
2025-10-20 20:00,40.254147844196524
2025-10-20 21:00,34.00036816977508
2025-10-20 22:00,30.74169004979693
2025-10-20 23:00,30.21112816881395
2025-10-21 00:00,27.699105331076776
2025-10-21 01:00,24.344618048490233
2025-10-21 02:00,22.79183677085541
2025-10-21 03:00,25.66727538958488
2025-10-21 04:00,20.799539849245903
2025-10-21 05:00,20.979178546308432
2025-10-21 06:00,23.99628887021938
2025-10-21 07:00,18.623712334302922
2025-10-21 08:00,24.075456487611888
2025-10-21 09:00,18.8197215399653
2025-10-21 10:00,14.20149858819255
2025-10-21 11:00,15.776271781352516
2025-10-21 12:00,22.99989307178563
2025-10-21 13:00,25.987624016911937
2025-10-21 14:00,32.66714528336189
2025-10-21 15:00,39.65794667493716
2025-10-21 16:00,41.23839770227648
2025-10-21 17:00,42.259351574066905
2025-10-21 18:00,39.82678734743328
2025-10-21 19:00,44.30710993749301
2025-10-21 20:00,34.7086489258506
2025-10-21 21:00,26.836221989699347
2025-10-21 22:00,23.759604313712842
2025-10-21 23:00,25.20138207453674
2025-10-22 00:00,19.325196194191776
2025-10-22 01:00,19.13954378660016
2025-10-22 02:00,14.00367650378184
2025-10-22 03:00,12.446390153477648
2025-10-22 04:00,14.100429519708928
2025-10-22 05:00,17.021584515773203
2025-10-22 06:00,17.289333526138645
2025-10-22 07:00,11.028109259392373
2025-10-22 08:00,11.021504940993392
2025-10-22 09:00,11.102883327620996
2025-10-22 10:00,9.16397041286679
2025-10-22 11:00,4.8249012669904054
2025-10-22 12:00,3.440600994587767
2025-10-22 13:00,2.7654194489522808
2025-10-22 14:00,5.278862622724629
2025-10-22 15:00,7.2371353874492375
2025-10-22 16:00,9.884008364346874
2025-10-22 17:00,9.283711768076572
2025-10-22 18:00,12.782980700133411
2025-10-22 19:00,13.409676544139568
2025-10-22 20:00,15.198895593808798
2025-10-22 21:00,12.360210569484805
2025-10-22 22:00,4.594516209688557
2025-10-22 23:00,2.0914189723714247
2025-10-23 00:00,2.510163772997992
2025-10-23 01:00,4.845875945838275
2025-10-23 02:00,8.313806334357121
2025-10-23 03:00,6.42959488045695
2025-10-23 04:00,6.883635804835475
2025-10-23 05:00,8.27546522987753
2025-10-23 06:00,2.3924729145194865
2025-10-23 07:00,1.9003633411725893
2025-10-23 08:00,1.702379639375585
2025-10-23 09:00,0.4584768294233428
2025-10-23 10:00,0.005886128934942836
2025-10-23 11:00,0.0
2025-10-23 12:00,0.34505401243968836
2025-10-23 13:00,0.9975815026913399
2025-10-23 14:00,4.267136892413021
2025-10-23 15:00,7.495566444332459
2025-10-23 16:00,9.831358826687783
2025-10-23 17:00,10.717365538555693
2025-10-23 18:00,10.128367331098271
2025-10-23 19:00,11.613683157022297
2025-10-23 20:00,17.79696477381978
2025-10-23 21:00,10.894667063301384
2025-10-23 22:00,5.922793917261195
2025-10-23 23:00,4.60242563400416
2025-10-24 00:00,10.953245807364034
2025-10-24 01:00,6.159666733226123
2025-10-24 02:00,5.501711971450391
2025-10-24 03:00,8.249950354979115
2025-10-24 04:00,10.619127541236868
2025-10-24 05:00,7.751110345550671
2025-10-24 06:00,7.142731765561319
2025-10-24 07:00,9.328207628538484
2025-10-24 08:00,7.706188260469597
2025-10-24 09:00,5.204738849603869
2025-10-24 10:00,3.2282273857731894
2025-10-24 11:00,0.6698863062539329
2025-10-24 12:00,1.2883315110529683
2025-10-24 13:00,0.7932501445513416
2025-10-24 14:00,0.9322203059125365
2025-10-24 15:00,5.211891745586197
2025-10-24 16:00,9.757760293286033
2025-10-24 17:00,14.392481168726679
2025-10-24 18:00,8.624698287405188
2025-10-24 19:00,4.7147440024279845
2025-10-24 20:00,6.6049868600148365
2025-10-24 21:00,7.653063218438298
2025-10-24 22:00,3.75692107007348
2025-10-24 23:00,4.195083632896363
2025-10-25 00:00,0.9876531239945949
2025-10-25 01:00,0.40462022505072126
2025-10-25 02:00,0.8998629259089839
2025-10-25 03:00,1.9936564009813966
2025-10-25 04:00,2.421790039410581
2025-10-25 05:00,3.2580174182853336
2025-10-25 06:00,2.5329883160278026
2025-10-25 07:00,4.16892323881542
2025-10-25 08:00,4.030852125250309
2025-10-25 09:00,4.285566090456019
2025-10-25 10:00,5.25838227810004
2025-10-25 11:00,4.923900239639485
2025-10-25 12:00,3.696496068486159
2025-10-25 13:00,7.734867409496665
2025-10-25 14:00,11.861378413183647
2025-10-25 15:00,11.361271841132806
2025-10-25 16:00,15.781637661245739
2025-10-25 17:00,17.983663577880368
2025-10-25 18:00,20.16980335295349
2025-10-25 19:00,25.130752594378215
2025-10-25 20:00,25.15110170588261
2025-10-25 21:00,21.294092675619193
2025-10-25 22:00,11.195153240908274
2025-10-25 23:00,11.125796715843705
2025-10-26 00:00,6.269588163425814
2025-10-26 01:00,8.533950535626621
2025-10-26 02:00,7.867218979332172
2025-10-26 03:00,7.443543579356449
2025-10-26 04:00,13.977873412568375
2025-10-26 05:00,17.910073463100698
2025-10-26 06:00,11.882902781750023
2025-10-26 07:00,6.7607810090368385
2025-10-26 08:00,10.018143533755978
2025-10-26 09:00,7.418074423682706
2025-10-26 10:00,3.7715451314544644
2025-10-26 11:00,4.719016824365806
2025-10-26 12:00,15.891739017286199
2025-10-26 13:00,19.9222577129484
2025-10-26 14:00,26.8740092869812
2025-10-26 15:00,26.35838135762156
2025-10-26 16:00,33.853742730831065
2025-10-26 17:00,32.74709908977402
2025-10-26 18:00,29.110282744087655
2025-10-26 19:00,29.488980619188183
2025-10-26 20:00,29.337953541295914
2025-10-26 21:00,40.7472467538609
2025-10-26 22:00,10.157792415562636
2025-10-26 23:00,13.690205264219424
2025-10-27 00:00,11.312872339163084
2025-10-27 01:00,52.2989695284111
2025-10-27 02:00,63.1895847892452
2025-10-27 03:00,61.46758866210208
2025-10-27 04:00,61.15585353213056
2025-10-27 05:00,62.902174492021295
2025-10-27 06:00,60.91320026105107
2025-10-27 07:00,50.148171882713044
2025-10-27 08:00,49.82184631148143
2025-10-27 09:00,41.412240793898924
2025-10-27 10:00,32.609212343284426
2025-10-27 11:00,16.420628978749924
2025-10-27 12:00,11.764502294152845
2025-10-27 13:00,21.755948415060175
2025-10-27 14:00,37.37265771653458
2025-10-27 15:00,45.810374502172756
2025-10-27 16:00,47.29587466881119
2025-10-27 17:00,45.775534809184734
2025-10-27 18:00,40.17761693013508
2025-10-27 19:00,36.82889468331898
2025-10-27 20:00,33.23681189775317
2025-10-27 21:00,27.592383624374214
2025-10-27 22:00,22.344081303936207
2025-10-27 23:00,23.66001635549097
2025-10-28 00:00,7.4470969851402025
2025-10-28 01:00,11.896475838613338
2025-10-28 02:00,24.894715620541163
2025-10-28 03:00,35.81493030413926
2025-10-28 04:00,32.31623368491959
2025-10-28 05:00,21.58721430334033
2025-10-28 06:00,17.90843328636084
2025-10-28 07:00,16.728355563755514
2025-10-28 08:00,16.892327554896944
2025-10-28 09:00,16.981906823338914
2025-10-28 10:00,16.112049377797252
2025-10-28 11:00,17.466414250373905
2025-10-28 12:00,12.459469820421443
2025-10-28 13:00,11.97338985149766
2025-10-28 14:00,13.799352618155424
2025-10-28 15:00,10.464663988318705
2025-10-28 16:00,8.356709736366923
2025-10-28 17:00,5.57738605414977
2025-10-28 18:00,4.99576579362437
2025-10-28 19:00,3.404774664708666
2025-10-28 20:00,4.044126412336398
2025-10-28 21:00,1.65565480748955
2025-10-28 22:00,2.1499629656358707
2025-10-28 23:00,2.1827070073619046
2025-10-29 00:00,2.551018871176786
2025-10-29 01:00,2.70883873363658
2025-10-29 02:00,2.669263549584406
2025-10-29 03:00,4.756974471582856
2025-10-29 04:00,7.89561729964495
2025-10-29 05:00,7.890019378506475
2025-10-29 06:00,7.160952482723999
2025-10-29 07:00,9.069383194945704
2025-10-29 08:00,3.2414268825446793
2025-10-29 09:00,2.666139568210774
2025-10-29 10:00,2.922577697522804
2025-10-29 11:00,2.7748482831660186
2025-10-29 12:00,0.48821105738524206
2025-10-29 13:00,0.06491338600641261
2025-10-29 14:00,0.0
2025-10-29 15:00,0.0
2025-10-29 16:00,0.08997309526859221
2025-10-29 17:00,3.364860644877313
2025-10-29 18:00,10.256491861485818
2025-10-29 19:00,6.447236304812801
2025-10-29 20:00,6.873734398487171
2025-10-29 21:00,2.423497332027035
2025-10-29 22:00,2.4711177926435943
2025-10-29 23:00,3.2528820309565094
2025-10-30 00:00,3.4309303985772694
2025-10-30 01:00,3.191900255033294
2025-10-30 02:00,3.483671646244184
2025-10-30 03:00,5.7078276072506835
2025-10-30 04:00,7.515059721855433
2025-10-30 05:00,7.08536165740877
2025-10-30 06:00,4.264942522224887
2025-10-30 07:00,4.501535641340347
2025-10-30 08:00,1.3231110841194635
2025-10-30 09:00,1.0709173479367626
2025-10-30 10:00,0.43684006802552167
2025-10-30 11:00,0.0
2025-10-30 12:00,0.0
2025-10-30 13:00,0.21480892613895997
2025-10-30 14:00,0.15975931097134433
2025-10-30 15:00,0.6444495619081287
2025-10-30 16:00,1.5911500379928505
2025-10-30 17:00,1.8106741994321474
2025-10-30 18:00,1.3483025546192682
2025-10-30 19:00,3.5998038543653847
2025-10-30 20:00,4.788081409913836
2025-10-30 21:00,6.6399902156525545
2025-10-30 22:00,2.6358485757057752
2025-10-30 23:00,2.0730038979909478
2025-10-31 00:00,6.492023500004658
2025-10-31 01:00,12.006712802163642
2025-10-31 02:00,8.632359283394528
2025-10-31 03:00,6.302455788515424
2025-10-31 04:00,6.7303523503698255
2025-10-31 05:00,9.542188480499677
2025-10-31 06:00,7.731081667794928
2025-10-31 07:00,9.008759399941663
2025-10-31 08:00,4.667205360876141
2025-10-31 09:00,4.298708228387966
2025-10-31 10:00,0.8957548367402666
2025-10-31 11:00,0.013281176751396062
2025-10-31 12:00,0.09604360959296493
2025-10-31 13:00,0.9749102995616772
2025-10-31 14:00,2.4678612551762384
2025-10-31 15:00,7.251239974219624
2025-10-31 16:00,10.172634263837555
2025-10-31 17:00,9.675579857507566
2025-10-31 18:00,12.803602387137229
2025-10-31 19:00,6.133730303562448
2025-10-31 20:00,5.202615147767972
2025-10-31 21:00,5.554080177688437
2025-10-31 22:00,6.527815098199547
2025-10-31 23:00,15.216829945119976
2025-11-01 00:00,6.092791029513627
2025-11-01 01:00,11.602223274284658
2025-11-01 02:00,8.327343318021725
2025-11-01 03:00,8.49424242951285
2025-11-01 04:00,8.687202432021287
2025-11-01 05:00,21.358450249242914
2025-11-01 06:00,32.98922681037628
2025-11-01 07:00,19.05324740733316
2025-11-01 08:00,19.272846424710323
2025-11-01 09:00,31.045050857844746
2025-11-01 10:00,51.57426776624709
2025-11-01 11:00,47.35100691573212
2025-11-01 12:00,41.38678038027941
2025-11-01 13:00,29.545781646526287
2025-11-01 14:00,22.887598763134044
2025-11-01 15:00,31.364103776056616
2025-11-01 16:00,34.2252129855354
2025-11-01 17:00,32.904733964809616
2025-11-01 18:00,28.17478670406196
2025-11-01 19:00,27.518482037959885
2025-11-01 20:00,27.097066090603853
2025-11-01 21:00,16.514392711829284
2025-11-01 22:00,13.911532857645497
2025-11-01 23:00,48.197741104935695
2025-11-02 00:00,32.08814860428681
2025-11-02 01:00,44.881906208299235
2025-11-02 02:00,31.321637610752855
2025-11-02 03:00,47.33121247687427
2025-11-02 04:00,30.685509235039834
2025-11-02 05:00,33.60175592680199
2025-11-02 06:00,29.805090896138303
2025-11-02 07:00,35.24409947277978
2025-11-02 08:00,41.8524949159604
2025-11-02 09:00,58.92683229034629
2025-11-02 10:00,59.352372765163246
2025-11-02 11:00,54.12763506890552
2025-11-02 12:00,53.60833557212882
2025-11-02 13:00,53.30395986890887
2025-11-02 14:00,54.33158310473914
2025-11-02 15:00,55.022300148716106
2025-11-02 16:00,56.622684072798556
2025-11-02 17:00,59.602551708945164
2025-11-02 18:00,58.74643394911376
2025-11-02 19:00,59.769627221465576
2025-11-02 20:00,61.902457042988914
2025-11-02 21:00,59.96191549384641
2025-11-02 22:00,56.679741081308094
2025-11-02 23:00,53.63454872135666
2025-11-03 00:00,57.517607175798524
2025-11-03 01:00,58.60803130804152
2025-11-03 02:00,50.50459412008063
2025-11-03 03:00,41.42247204045584
2025-11-03 04:00,27.710386937305472
2025-11-03 05:00,17.28441935186397
2025-11-03 06:00,9.179928844725504
2025-11-03 07:00,6.646763322347622
2025-11-03 08:00,7.093504391592655
2025-11-03 09:00,6.5863000363101385
2025-11-03 10:00,6.379116165236892
2025-11-03 11:00,2.422866275807317
2025-11-03 12:00,1.820035254839269
2025-11-03 13:00,1.6689959719359746
2025-11-03 14:00,1.6931826700341626
2025-11-03 15:00,1.5921347630510958
2025-11-03 16:00,1.3982615926785351
2025-11-03 17:00,1.8400135607042762
2025-11-03 18:00,3.1534864985287405
2025-11-03 19:00,0.749798722809589
2025-11-03 20:00,1.2601851162861495
2025-11-03 21:00,1.8777831721016325
2025-11-03 22:00,2.5387980747481396
2025-11-03 23:00,1.0673265159093506
2025-11-04 00:00,0.5259590524275051
2025-11-04 01:00,0.3802356751397368
2025-11-04 02:00,1.3868648017327152
2025-11-04 03:00,2.192179467205039
2025-11-04 04:00,2.137771931039562
2025-11-04 05:00,3.0104664392861635
2025-11-04 06:00,2.665198723933036
2025-11-04 07:00,1.270097578200359
2025-11-04 08:00,1.9429134555398657
2025-11-04 09:00,1.7126979849687518
2025-11-04 10:00,0.6041439217085338
2025-11-04 11:00,0.5808651140896193
2025-11-04 12:00,0.5477137390556499
2025-11-04 13:00,1.1996742731657628
2025-11-04 14:00,1.2251093732077651
2025-11-04 15:00,3.079361417608061
2025-11-04 16:00,2.68247649181411
2025-11-04 17:00,6.750358573599284
2025-11-04 18:00,12.160651613744829
2025-11-04 19:00,8.941649227049265
2025-11-04 20:00,6.96422489935075
2025-11-04 21:00,8.378341918194266
2025-11-04 22:00,2.43989958259041
2025-11-04 23:00,5.138761733220681
2025-11-05 00:00,6.763441492984711
2025-11-05 01:00,7.366339292445932
2025-11-05 02:00,7.202156569335049
2025-11-05 03:00,7.263426359603214
2025-11-05 04:00,9.477360613823155
2025-11-05 05:00,8.476908636408766
2025-11-05 06:00,7.146126488999434
2025-11-05 07:00,5.570353420145768
2025-11-05 08:00,5.56414147775021
2025-11-05 09:00,6.0789131660135585
2025-11-05 10:00,4.325414861617832
2025-11-05 11:00,0.8944556424298877
2025-11-05 12:00,1.780071075319611
2025-11-05 13:00,1.9532540668831566
2025-11-05 14:00,3.9725742400857214
2025-11-05 15:00,7.053795289121068
2025-11-05 16:00,12.815389354614595
2025-11-05 17:00,11.144529194088118
2025-11-05 18:00,15.077783536782796
2025-11-05 19:00,18.60068738317306
2025-11-05 20:00,12.39384002011823
2025-11-05 21:00,6.778965771656079
2025-11-05 22:00,5.047132464857208
2025-11-05 23:00,8.129521930989608
2025-11-06 00:00,4.799153168945512
2025-11-06 01:00,6.037203078199468
2025-11-06 02:00,9.058708735830644
2025-11-06 03:00,7.856645452166971
2025-11-06 04:00,10.207022869100168
2025-11-06 05:00,10.192929468229664
2025-11-06 06:00,9.462143289106494
2025-11-06 07:00,9.447347489140833
2025-11-06 08:00,7.216185850765278
2025-11-06 09:00,8.760386573662238
2025-11-06 10:00,8.184193875976726
2025-11-06 11:00,8.617307783068881
2025-11-06 12:00,9.45556422941272
2025-11-06 13:00,12.418302420708747
2025-11-06 14:00,14.19123666838428
2025-11-06 15:00,16.98727776089688
2025-11-06 16:00,11.687569753674724
2025-11-06 17:00,9.896839955664078
2025-11-06 18:00,21.525609107033628
2025-11-06 19:00,21.5856644615761
2025-11-06 20:00,9.174018957545446
2025-11-06 21:00,11.795043956006001
2025-11-06 22:00,4.27655823849774
2025-11-06 23:00,3.228793278443804
2025-11-07 00:00,2.8291353051171826
2025-11-07 01:00,3.174011533779205
2025-11-07 02:00,2.9804267524342634
2025-11-07 03:00,1.3182904636725055
2025-11-07 04:00,1.126631110899822
2025-11-07 05:00,3.6904942435743204
2025-11-07 06:00,1.7266106348237025
2025-11-07 07:00,3.7802639728924237
2025-11-07 08:00,1.870373733051934
2025-11-07 09:00,0.9147978566223691
2025-11-07 10:00,0.05713623131370915
2025-11-07 11:00,0.0
2025-11-07 12:00,0.0
2025-11-07 13:00,0.001904073909269166
2025-11-07 14:00,0.6907059224341878
2025-11-07 15:00,1.2177535415792486
2025-11-07 16:00,1.2895740908955957
2025-11-07 17:00,7.944701568222367
2025-11-07 18:00,4.8980702162652605
2025-11-07 19:00,2.1882644398226554
2025-11-07 20:00,0.6602914580466044
2025-11-07 21:00,2.0386144568209086
2025-11-07 22:00,1.9023064229858648
2025-11-07 23:00,4.184854409200183
2025-11-08 00:00,2.3602871147905167
2025-11-08 01:00,4.09039550698188
2025-11-08 02:00,4.035986615446733
2025-11-08 03:00,6.26569802234258
2025-11-08 04:00,6.781329643083081
2025-11-08 05:00,7.705712742435264
2025-11-08 06:00,3.7340912459922913
2025-11-08 07:00,3.564921472086539
2025-11-08 08:00,6.501648918641225
2025-11-08 09:00,4.991573515777047
2025-11-08 10:00,2.1815403548893495
2025-11-08 11:00,1.3039446394839698
2025-11-08 12:00,5.527413516945307
2025-11-08 13:00,7.525448047959193
2025-11-08 14:00,3.062437165398599
2025-11-08 15:00,1.2925883164952285
2025-11-08 16:00,1.4374019896538999
2025-11-08 17:00,2.3389360665601737
2025-11-08 18:00,1.4021872329963012
2025-11-08 19:00,1.286987395786725
2025-11-08 20:00,3.0090787564847346
2025-11-08 21:00,21.124517433089515
2025-11-08 22:00,39.45832913353508
2025-11-08 23:00,30.861594338458367
2025-11-09 00:00,2.9917007154867568
2025-11-09 01:00,4.460525508504448
2025-11-09 02:00,9.084157939214418
2025-11-09 03:00,8.09746333060492
2025-11-09 04:00,2.173920748055617
2025-11-09 05:00,9.611331538220439
2025-11-09 06:00,25.77848552784033
2025-11-09 07:00,14.410499728106718
2025-11-09 08:00,9.28288865443183
2025-11-09 09:00,6.238054012442284
2025-11-09 10:00,11.36976923840181
2025-11-09 11:00,17.638051875515345
2025-11-09 12:00,25.962739822549917
2025-11-09 13:00,29.13066629930617
2025-11-09 14:00,31.146847976620446
2025-11-09 15:00,31.761671963397127
2025-11-09 16:00,23.490403303974915
2025-11-09 17:00,16.79167483125211
2025-11-09 18:00,10.183128491105824
2025-11-09 19:00,13.885463742454736
2025-11-09 20:00,47.67047957008747
2025-11-09 21:00,51.184798989582795
2025-11-09 22:00,57.585166706615944
2025-11-09 23:00,58.44028245505384
2025-11-10 00:00,59.70451946948855
2025-11-10 01:00,58.28528791034571
2025-11-10 02:00,59.71130151218368
2025-11-10 03:00,59.351874675468245
2025-11-10 04:00,57.248348739443095
2025-11-10 05:00,43.90563270479797
2025-11-10 06:00,27.990825076888584
2025-11-10 07:00,30.730410439796312
2025-11-10 08:00,42.62795545575961
2025-11-10 09:00,51.85495111685881
2025-11-10 10:00,56.46491229445303
2025-11-10 11:00,53.23331998122389
2025-11-10 12:00,50.796723048873126
2025-11-10 13:00,43.05996114643652
2025-11-10 14:00,40.37214811212032
2025-11-10 15:00,38.28186371342491
2025-11-10 16:00,32.10304418710401
2025-11-10 17:00,29.84395540466916
2025-11-10 18:00,25.51006778394693
2025-11-10 19:00,29.607823378949316
2025-11-10 20:00,29.952649319780562
2025-11-10 21:00,19.194752436915657
2025-11-10 22:00,13.418185651455197
2025-11-10 23:00,17.07990184077987
2025-11-11 00:00,11.063674905242745
2025-11-11 01:00,11.494956651958166
2025-11-11 02:00,17.746337943026546
2025-11-11 03:00,17.86939957824979
2025-11-11 04:00,19.547691038528676
2025-11-11 05:00,19.78258885297749
2025-11-11 06:00,12.841617128469787
2025-11-11 07:00,12.277305395822395
2025-11-11 08:00,11.779084769770611
2025-11-11 09:00,12.105169912979388
2025-11-11 10:00,10.565458227398578
2025-11-11 11:00,7.045236589216099
2025-11-11 12:00,10.525777956381923
2025-11-11 13:00,17.370517424476745
2025-11-11 14:00,16.996550032601995
2025-11-11 15:00,17.92549357157826
2025-11-11 16:00,30.308345628250876
2025-11-11 17:00,17.90061486031914
2025-11-11 18:00,20.76677563236393
2025-11-11 19:00,18.244571088163813
2025-11-11 20:00,12.209907694598346
2025-11-11 21:00,12.981249248588082
2025-11-11 22:00,10.754405744232422
2025-11-11 23:00,9.20314194546351
2025-11-12 00:00,9.139763616118742
2025-11-12 01:00,7.982101470405647
2025-11-12 02:00,6.84156539814512
2025-11-12 03:00,9.114301429379196
2025-11-12 04:00,5.43802811205825
2025-11-12 05:00,6.873197330541116
2025-11-12 06:00,7.600244484001834
2025-11-12 07:00,9.296285325676351
2025-11-12 08:00,7.382395555032767
2025-11-12 09:00,3.449101165081444
2025-11-12 10:00,1.6273783269935025
2025-11-12 11:00,0.9300400415340433
2025-11-12 12:00,0.9034866807674717
2025-11-12 13:00,0.4306667133649771
2025-11-12 14:00,1.0685897380399514
2025-11-12 15:00,2.552249942306897
2025-11-12 16:00,2.959725451817106
2025-11-12 17:00,7.242774479850761
2025-11-12 18:00,8.561299221435148
2025-11-12 19:00,8.682233708862663
2025-11-12 20:00,5.272501330329764
2025-11-12 21:00,7.413029690692705
2025-11-12 22:00,7.083801081062957
2025-11-12 23:00,7.714355957705028
2025-11-13 00:00,8.602271154062073
2025-11-13 01:00,10.847657862746356
2025-11-13 02:00,8.492578002420343
2025-11-13 03:00,11.713496975115735
2025-11-13 04:00,9.674780292525412
2025-11-13 05:00,8.901456466402339
2025-11-13 06:00,12.222745576685313
2025-11-13 07:00,9.772159300029646
2025-11-13 08:00,8.969151670717615
2025-11-13 09:00,3.8855905488560833
2025-11-13 10:00,3.184964276607114
2025-11-13 11:00,3.4678618885298533
2025-11-13 12:00,3.725746128475937
2025-11-13 13:00,5.900449945676355
2025-11-13 14:00,8.680816734569682
2025-11-13 15:00,10.986616826182049
2025-11-13 16:00,19.820167606545823
2025-11-13 17:00,26.477052088535878
2025-11-13 18:00,24.59086450565082
2025-11-13 19:00,32.275647447241155
2025-11-13 20:00,30.467044785196002
2025-11-13 21:00,31.797775089518716
2025-11-13 22:00,18.384757678565883
2025-11-13 23:00,15.43876318793782
2025-11-14 00:00,15.110297887159444
2025-11-14 01:00,19.466855267943988
2025-11-14 02:00,20.69269015680443
2025-11-14 03:00,16.72724719631621
2025-11-14 04:00,17.49864691138542
2025-11-14 05:00,14.384651398709043
2025-11-14 06:00,12.290387467829538
2025-11-14 07:00,11.352606627968694
2025-11-14 08:00,9.501730270601005
2025-11-14 09:00,5.545245921682568
2025-11-14 10:00,7.357177818542574
2025-11-14 11:00,19.6556121153951
2025-11-14 12:00,30.726795742943853
2025-11-14 13:00,29.2453948358039
2025-11-14 14:00,28.197404030677035
2025-11-14 15:00,26.50282772628132
2025-11-14 16:00,27.305110746319748
2025-11-14 17:00,21.926802419031873
2025-11-14 18:00,15.627742987800568
2025-11-14 19:00,23.473008613079767
2025-11-14 20:00,23.027113053018148
2025-11-14 21:00,21.77216483888963
2025-11-14 22:00,15.80023467932908
2025-11-14 23:00,7.487938156724189
2025-11-15 00:00,7.584365775713437
2025-11-15 01:00,7.007987350112462
2025-11-15 02:00,8.36021494592891
2025-11-15 03:00,8.502812387467749
2025-11-15 04:00,7.672686650939383
2025-11-15 05:00,7.848052376103663
2025-11-15 06:00,8.8173347267433
2025-11-15 07:00,8.819366946327959
2025-11-15 08:00,6.914425688876097
2025-11-15 09:00,2.606111789765152
2025-11-15 10:00,1.4044003411207626
2025-11-15 11:00,1.59923618975207
2025-11-15 12:00,1.9298659836481953
2025-11-15 13:00,1.2971961349656378
2025-11-15 14:00,0.8227404829186575
2025-11-15 15:00,2.270047937225701
2025-11-15 16:00,4.576905432191218
2025-11-15 17:00,4.056683460325395
2025-11-15 18:00,2.661272354100069
2025-11-15 19:00,2.202662751623882
2025-11-15 20:00,3.248861390367779
2025-11-15 21:00,2.3663784127909815
2025-11-15 22:00,0.30252269208223537
2025-11-15 23:00,1.0855787594167527
2025-11-16 00:00,3.2009120290079713
2025-11-16 01:00,0.8755242004797439
2025-11-16 02:00,3.7010392518267676
2025-11-16 03:00,3.6760305792322394
2025-11-16 04:00,4.423372637349127
2025-11-16 05:00,4.2316182398208735
2025-11-16 06:00,4.578566442399751
2025-11-16 07:00,4.043436087133671
2025-11-16 08:00,2.4059186821896144
2025-11-16 09:00,1.1672411119658628
2025-11-16 10:00,0.8479596476772271
2025-11-16 11:00,0.8825595643274098
2025-11-16 12:00,3.532754367914461
2025-11-16 13:00,2.409400672862007
2025-11-16 14:00,8.15669627158142
2025-11-16 15:00,5.896941994988053
2025-11-16 16:00,8.225669670442166
2025-11-16 17:00,7.272750664010891
2025-11-16 18:00,4.474899891800618
2025-11-16 19:00,4.014153652131082
2025-11-16 20:00,11.179770465997194
2025-11-16 21:00,17.32471963187994
2025-11-16 22:00,22.687276776754885
2025-11-16 23:00,16.08170587170609
2025-11-17 00:00,13.8663834426973
2025-11-17 01:00,46.587757913219455
2025-11-17 02:00,56.70877339776191
2025-11-17 03:00,55.45430466745631
2025-11-17 04:00,49.006503943385844
2025-11-17 05:00,50.1535807702695
2025-11-17 06:00,50.978532251827225
2025-11-17 07:00,45.46482287630244
2025-11-17 08:00,41.283685491590155
2025-11-17 09:00,48.09415310453747
2025-11-17 10:00,47.35712325777131
2025-11-17 11:00,49.1897987580143
2025-11-17 12:00,49.92455236306902
2025-11-17 13:00,50.94221536147295
2025-11-17 14:00,50.2350325409219
2025-11-17 15:00,48.4744406883183
2025-11-17 16:00,49.21364685454002
2025-11-17 17:00,52.81909927759478
2025-11-17 18:00,53.405566071245
2025-11-17 19:00,54.02578895930639
2025-11-17 20:00,53.448679161340486
2025-11-17 21:00,53.99671659486172
2025-11-17 22:00,52.622876713218524
2025-11-17 23:00,47.51868329986602
2025-11-18 00:00,54.78341256600216
2025-11-18 01:00,54.59836909894015
2025-11-18 02:00,53.83315667843226
2025-11-18 03:00,50.804067827992725
2025-11-18 04:00,43.797174870536416
2025-11-18 05:00,42.4593843097718
2025-11-18 06:00,46.511253197973446
2025-11-18 07:00,41.90545995388717
2025-11-18 08:00,28.333442216302128
2025-11-18 09:00,22.705954282189616
2025-11-18 10:00,20.965548034167217
2025-11-18 11:00,38.485009269543774
2025-11-18 12:00,43.090365245665815
2025-11-18 13:00,41.57847668298728
2025-11-18 14:00,30.33409236106565
2025-11-18 15:00,34.465212969097294
2025-11-18 16:00,28.12025542304462
2025-11-18 17:00,37.54943651696825
2025-11-18 18:00,41.411665734293805
2025-11-18 19:00,21.858233943141293
2025-11-18 20:00,24.030984413386204
2025-11-18 21:00,12.1165056673537
2025-11-18 22:00,41.61688018395436
2025-11-18 23:00,24.13740811072134
2025-11-19 00:00,3.6470307618176006
2025-11-19 01:00,1.6111613883648517
2025-11-19 02:00,7.698536404800292
2025-11-19 03:00,6.169941044601632
2025-11-19 04:00,11.042161789724645
2025-11-19 05:00,8.620074903497983
2025-11-19 06:00,5.844834416027307
2025-11-19 07:00,4.560674136602829
2025-11-19 08:00,4.987186348970777
2025-11-19 09:00,2.046231608138186
2025-11-19 10:00,1.1220096535717752
2025-11-19 11:00,4.27615315051886
2025-11-19 12:00,6.928330107130469
2025-11-19 13:00,7.895161833350844
2025-11-19 14:00,9.494709699149862
2025-11-19 15:00,9.173836308767067
2025-11-19 16:00,10.533640139677631
2025-11-19 17:00,16.705982937880904
2025-11-19 18:00,5.747972261688263
2025-11-19 19:00,4.126757957579892
2025-11-19 20:00,2.2309015210021443
2025-11-19 21:00,2.737193430456044
2025-11-19 22:00,2.297412866525009
2025-11-19 23:00,1.236763252812648
2025-11-20 00:00,2.1324896960709006
2025-11-20 01:00,2.421281084599037
2025-11-20 02:00,1.8655388070023453
2025-11-20 03:00,1.885148094646448
2025-11-20 04:00,2.4419722831469235
2025-11-20 05:00,7.737473166965891
2025-11-20 06:00,10.545203929458825
2025-11-20 07:00,12.287924330703536
2025-11-20 08:00,9.474496048495068
2025-11-20 09:00,8.215757701234125
2025-11-20 10:00,8.903281907827711
2025-11-20 11:00,10.6239309129781
2025-11-20 12:00,17.457005418829745
2025-11-20 13:00,16.454333601451346
2025-11-20 14:00,17.840756990967197
2025-11-20 15:00,28.947821289430962
2025-11-20 16:00,22.925557232476102
2025-11-20 17:00,18.996873539627952
2025-11-20 18:00,12.43856376192125
2025-11-20 19:00,16.110664123115573
2025-11-20 20:00,23.259283291131393
2025-11-20 21:00,31.90058006711306
2025-11-20 22:00,38.39349961971421
2025-11-20 23:00,43.784557237168364
2025-11-21 00:00,34.35427892116473
2025-11-21 01:00,18.956893122752568
2025-11-21 02:00,15.586381767284077
2025-11-21 03:00,7.0207839085176165
2025-11-21 04:00,7.142237182937183
2025-11-21 05:00,8.686439138561875
2025-11-21 06:00,7.622807171989024
2025-11-21 07:00,6.131032907564977
2025-11-21 08:00,2.5876976621726127
2025-11-21 09:00,2.7475093607705827
2025-11-21 10:00,1.736444353590803
2025-11-21 11:00,1.2127424067320889
2025-11-21 12:00,3.293077341675637
2025-11-21 13:00,6.970788531401066
2025-11-21 14:00,10.279352731129752
2025-11-21 15:00,13.720931666951802
2025-11-21 16:00,14.24228274588529
2025-11-21 17:00,9.852004914468655
2025-11-21 18:00,6.32664248986366
2025-11-21 19:00,9.234933410673872
2025-11-21 20:00,5.349112043603675
2025-11-21 21:00,6.775234525892703
2025-11-21 22:00,8.636318178577486
2025-11-21 23:00,5.890982711617333
2025-11-22 00:00,10.414061733202054
2025-11-22 01:00,12.910135720144412
2025-11-22 02:00,12.105716467518587
2025-11-22 03:00,7.927384498506859
2025-11-22 04:00,7.73583664829736
2025-11-22 05:00,7.906358166602404
2025-11-22 06:00,9.605510144500244
2025-11-22 07:00,8.467935431457418
2025-11-22 08:00,4.824751090319795
2025-11-22 09:00,3.513015100902785
2025-11-22 10:00,1.4766759648900427
2025-11-22 11:00,2.085939551704111
2025-11-22 12:00,4.52507982849259
2025-11-22 13:00,4.981131797343064
2025-11-22 14:00,5.635876781133547
2025-11-22 15:00,5.873886169714812
2025-11-22 16:00,9.033257643382761
2025-11-22 17:00,5.769360907645575
2025-11-22 18:00,4.331224680668521
2025-11-22 19:00,2.844880386734993
2025-11-22 20:00,8.075956459883415
2025-11-22 21:00,9.596598090767458
2025-11-22 22:00,7.6156517995994015
2025-11-22 23:00,8.261977303670868
2025-11-23 00:00,7.997202853262108
2025-11-23 01:00,7.368808337071087
2025-11-23 02:00,6.855362740869241
2025-11-23 03:00,10.579264745066904
2025-11-23 04:00,12.683347912929356
2025-11-23 05:00,15.743558140151698
2025-11-23 06:00,16.051431607402012
2025-11-23 07:00,23.453473130713164
2025-11-23 08:00,15.950201801893087
2025-11-23 09:00,10.975818060747397
2025-11-23 10:00,16.229733523462013
2025-11-23 11:00,24.372710773409224
2025-11-23 12:00,12.44359651182644
2025-11-23 13:00,16.132451529907364
2025-11-23 14:00,14.92809052715068
2025-11-23 15:00,15.05314168686094
2025-11-23 16:00,21.546121905979312
2025-11-23 17:00,14.006802624768119
2025-11-23 18:00,16.498904052790298
2025-11-23 19:00,21.541191209711783
2025-11-23 20:00,24.46243264534285
2025-11-23 21:00,27.19909344949371
2025-11-23 22:00,22.40176229288864
2025-11-23 23:00,20.140270948754246
2025-11-24 00:00,19.518006472692218
2025-11-24 01:00,19.326984093550955
2025-11-24 02:00,17.76839061613445
2025-11-24 03:00,19.146721343930906
2025-11-24 04:00,25.704220740075847
2025-11-24 05:00,22.477561080478473
2025-11-24 06:00,27.605740753023124
2025-11-24 07:00,22.327107516120616
2025-11-24 08:00,21.648957444040853
2025-11-24 09:00,22.23306626473568
2025-11-24 10:00,30.53346060039695
2025-11-24 11:00,26.672859859799573
2025-11-24 12:00,19.349353907877386
2025-11-24 13:00,21.25561890731555
2025-11-24 14:00,22.706638869456803
2025-11-24 15:00,21.020682145448767
2025-11-24 16:00,16.261906932239075
2025-11-24 17:00,13.23412881197197
2025-11-24 18:00,11.593919719397874
2025-11-24 19:00,12.393732167091017
2025-11-24 20:00,11.595465432460632
2025-11-24 21:00,12.59213022857281
2025-11-24 22:00,15.896567911421894
2025-11-24 23:00,19.355335957532652
2025-11-25 00:00,15.944228647956333
2025-11-25 01:00,15.29615884965338
2025-11-25 02:00,19.237428128498795
2025-11-25 03:00,17.551576919452035
2025-11-25 04:00,19.50534945238472
2025-11-25 05:00,23.68557775912368
2025-11-25 06:00,25.665766222535062
2025-11-25 07:00,28.143218244483336
2025-11-25 08:00,54.33799003453276
2025-11-25 09:00,51.29931568853248
2025-11-25 10:00,54.56587213837638
2025-11-25 11:00,55.60369798855863
2025-11-25 12:00,53.47364121627937
2025-11-25 13:00,59.14554430301739
2025-11-25 14:00,54.04400226595572
2025-11-25 15:00,55.42356075144289
2025-11-25 16:00,56.14696646212582
2025-11-25 17:00,53.6730633891218
2025-11-25 18:00,56.703790757235474
2025-11-25 19:00,58.186152420667305
2025-11-25 20:00,60.35996625216803
2025-11-25 21:00,56.183808781404686
2025-11-25 22:00,49.22391845799995
2025-11-25 23:00,45.651136095245676
2025-11-26 00:00,32.11811577542457
2025-11-26 01:00,18.552241603687214
2025-11-26 02:00,16.414199234790342
2025-11-26 03:00,7.503385026664795
2025-11-26 04:00,5.9695968761944656
2025-11-26 05:00,8.105040147305779
2025-11-26 06:00,10.915326315951202
2025-11-26 07:00,6.8594132970444015
2025-11-26 08:00,4.274452832969505
2025-11-26 09:00,5.256388730361687
2025-11-26 10:00,4.072693943496475
2025-11-26 11:00,3.411178181438027
2025-11-26 12:00,3.919097928696322
2025-11-26 13:00,4.031521433198078
2025-11-26 14:00,4.522438212320273
2025-11-26 15:00,5.676086929906985
2025-11-26 16:00,4.905208735985651
2025-11-26 17:00,7.6561238373989475
2025-11-26 18:00,7.088819884785682
2025-11-26 19:00,5.651541919241165
2025-11-26 20:00,5.189895597485544
2025-11-26 21:00,4.385004008196578
2025-11-26 22:00,4.270014548931032
2025-11-26 23:00,5.666783448335961
2025-11-27 00:00,13.616015133222755
2025-11-27 01:00,19.85723231713655
2025-11-27 02:00,23.353559805008487
2025-11-27 03:00,37.27176626816921
2025-11-27 04:00,44.308772611576664
2025-11-27 05:00,47.05663942123535
2025-11-27 06:00,46.84430095133008
2025-11-27 07:00,42.71192230476294
2025-11-27 08:00,49.65381228067973
2025-11-27 09:00,55.97337255353332
2025-11-27 10:00,46.47424023066039
2025-11-27 11:00,52.8885469419535
2025-11-27 12:00,56.606618958398
2025-11-27 13:00,58.96857185490128
2025-11-27 14:00,54.63891568365117
2025-11-27 15:00,55.63431915829082
2025-11-27 16:00,53.52147486605552
2025-11-27 17:00,49.76566234620518
2025-11-27 18:00,54.97923817120286
2025-11-27 19:00,58.80988394438602
2025-11-27 20:00,59.23397314892194
2025-11-27 21:00,59.360814294129405
2025-11-27 22:00,59.55172209740875
2025-11-27 23:00,59.669942539141196
2025-11-28 00:00,54.469713462439266
2025-11-28 01:00,55.757130611452105
2025-11-28 02:00,47.558609415592905
2025-11-28 03:00,51.27559375753542
2025-11-28 04:00,43.094847274398326
2025-11-28 05:00,43.41224223498204
2025-11-28 06:00,33.100352363343085
2025-11-28 07:00,26.85752673164388
2025-11-28 08:00,22.841609572548787
2025-11-28 09:00,18.939234917332676
2025-11-28 10:00,13.596901947741205
2025-11-28 11:00,9.329173577793654
2025-11-28 12:00,11.459361873741132
2025-11-28 13:00,12.634430806155098
2025-11-28 14:00,13.206599025587131
2025-11-28 15:00,13.304191502367562
2025-11-28 16:00,14.119966323775277
2025-11-28 17:00,11.351209515572034
2025-11-28 18:00,5.485475886390223
2025-11-28 19:00,5.695465158146051
2025-11-28 20:00,8.70344342778209
2025-11-28 21:00,11.854795289463437
2025-11-28 22:00,9.209489499347194
2025-11-28 23:00,6.5215865434889135
2025-11-29 00:00,5.22087932200915
2025-11-29 01:00,6.8591020666393465
2025-11-29 02:00,6.766512461346439
2025-11-29 03:00,7.606845402619534
2025-11-29 04:00,7.379102968301272
2025-11-29 05:00,6.507285049798128
2025-11-29 06:00,7.335606450849756
2025-11-29 07:00,6.760565904157582
2025-11-29 08:00,7.244559942696604
2025-11-29 09:00,8.32025110033879
2025-11-29 10:00,7.902865040362965
2025-11-29 11:00,22.44190054644477
2025-11-29 12:00,33.74990697983102
2025-11-29 13:00,38.37092673987335
2025-11-29 14:00,46.528547708419104
2025-11-29 15:00,44.54482524256646
2025-11-29 16:00,36.36703823797345
2025-11-29 17:00,39.34285499630065
2025-11-29 18:00,35.11804593259503
2025-11-29 19:00,35.46065400407888
2025-11-29 20:00,34.898531080459755
2025-11-29 21:00,32.063965730843485
2025-11-29 22:00,30.34320424168797
2025-11-29 23:00,28.14571997330748
2025-11-30 00:00,41.550133338955284
2025-11-30 01:00,42.00854948844099
2025-11-30 02:00,38.2727827996432
2025-11-30 03:00,35.961481879586415
2025-11-30 04:00,31.399097155883727
2025-11-30 05:00,28.32709808636875
2025-11-30 06:00,25.713896892927607
2025-11-30 07:00,25.89021926490711
2025-11-30 08:00,20.502221955273697
2025-11-30 09:00,17.91459717739585
2025-11-30 10:00,26.199761187298286
2025-11-30 11:00,24.181551881935462
2025-11-30 12:00,20.676443200249103
2025-11-30 13:00,24.64176306667087
2025-11-30 14:00,26.91589156418563
2025-11-30 15:00,32.02165770252777
2025-11-30 16:00,27.595770914063458
2025-11-30 17:00,30.294811173747718
2025-11-30 18:00,27.155673379969787
2025-11-30 19:00,32.16556456877494
2025-11-30 20:00,28.01922272784377
2025-11-30 21:00,23.778885754565536
2025-11-30 22:00,21.653386601238672
2025-11-30 23:00,19.541713575861884
2025-12-01 00:00,21.096704821500886
2025-12-01 01:00,30.869013881077873
2025-12-01 02:00,42.13485375703037
2025-12-01 03:00,31.27546978050837
2025-12-01 04:00,34.57684605277496
2025-12-01 05:00,31.123699594558808
2025-12-01 06:00,34.8849393637907
2025-12-01 07:00,24.311398569708203
2025-12-01 08:00,17.828495077672248
2025-12-01 09:00,22.185437203053766
2025-12-01 10:00,19.62043262753978
2025-12-01 11:00,28.54217843035491
2025-12-01 12:00,29.99760021421409
2025-12-01 13:00,28.871586557363152
2025-12-01 14:00,31.379844288214773
2025-12-01 15:00,27.448645453928634
2025-12-01 16:00,31.787105960200186
2025-12-01 17:00,26.798960664196304
2025-12-01 18:00,23.205110728336525
2025-12-01 19:00,20.86824801688725
2025-12-01 20:00,27.781653598209274
2025-12-01 21:00,30.516030438659342
2025-12-01 22:00,28.44148515632238
2025-12-01 23:00,21.34001530958759
2025-12-02 00:00,27.91569587252478
2025-12-02 01:00,40.468683877804644
2025-12-02 02:00,37.767883223670204
2025-12-02 03:00,31.92045737790253
2025-12-02 04:00,32.956456633654
2025-12-02 05:00,29.99724313496204
2025-12-02 06:00,31.839592901136484
2025-12-02 07:00,32.57509758964123
2025-12-02 08:00,34.74193276338182
2025-12-02 09:00,47.800991740222926
2025-12-02 10:00,48.632356063374495
2025-12-02 11:00,42.72526799433055
2025-12-02 12:00,44.620435077428105
2025-12-02 13:00,41.279402076203915
2025-12-02 14:00,43.53786869356107
2025-12-02 15:00,40.38749169265076
2025-12-02 16:00,41.635291600911486
2025-12-02 17:00,44.77882337673626
2025-12-02 18:00,41.69209331401718
2025-12-02 19:00,43.46322265141104
2025-12-02 20:00,44.830904174647564
2025-12-02 21:00,37.59121920787242
2025-12-02 22:00,35.11243391736561
2025-12-02 23:00,27.623012608498875
2025-12-03 00:00,37.52417163741185
2025-12-03 01:00,54.805967331731274
2025-12-03 02:00,59.629151760038006
2025-12-03 03:00,59.85528820868736
2025-12-03 04:00,56.25525206885736
2025-12-03 05:00,59.502179268848685
2025-12-03 06:00,55.23521322746023
2025-12-03 07:00,37.954572844274246
2025-12-03 08:00,19.19288969558176
2025-12-03 09:00,10.300842396496112
2025-12-03 10:00,26.08942095321939
2025-12-03 11:00,42.578474178498155
2025-12-03 12:00,48.02402051033582
2025-12-03 13:00,43.27404653968388
2025-12-03 14:00,47.62343531768396
2025-12-03 15:00,52.662280806542306
2025-12-03 16:00,57.554993481823395
2025-12-03 17:00,55.473967026352206
2025-12-03 18:00,56.43743185452863
2025-12-03 19:00,54.772178295501085
2025-12-03 20:00,54.881860336888245
2025-12-03 21:00,50.189021811544755
2025-12-03 22:00,50.649766559165144
2025-12-03 23:00,40.67818775052008
2025-12-04 00:00,37.46834386459296
2025-12-04 01:00,32.782250474921106
2025-12-04 02:00,23.74575242346036
2025-12-04 03:00,14.386420617684315
2025-12-04 04:00,18.00339461854925
2025-12-04 05:00,15.224089678518578
2025-12-04 06:00,8.82952349270223
2025-12-04 07:00,4.554962962701714
2025-12-04 08:00,5.666736359945505
2025-12-04 09:00,5.162939837871859
2025-12-04 10:00,5.368344506811626
2025-12-04 11:00,2.7323053593024853
2025-12-04 12:00,2.6888689505433994
2025-12-04 13:00,2.3204283053058377
2025-12-04 14:00,5.572981504995646
2025-12-04 15:00,7.086996735802677
2025-12-04 16:00,14.010772460840887
2025-12-04 17:00,18.52672686403303
2025-12-04 18:00,34.672444269548116
2025-12-04 19:00,31.584923342091514
2025-12-04 20:00,52.52795467214823
2025-12-04 21:00,55.40784036378013
2025-12-04 22:00,57.688126222696816
2025-12-04 23:00,59.55095265025878
2025-12-05 00:00,59.72584243068076
2025-12-05 01:00,57.13596678471786
2025-12-05 02:00,56.891322577786134
2025-12-05 03:00,44.65744042754669
2025-12-05 04:00,48.22793107141158
2025-12-05 05:00,40.51267942903077
2025-12-05 06:00,38.291061109439745
2025-12-05 07:00,27.422176850885428
2025-12-05 08:00,25.74644876629513
2025-12-05 09:00,21.718244571435754
2025-12-05 10:00,14.903654291119313
2025-12-05 11:00,13.078336620864416
2025-12-05 12:00,17.89009940614698
2025-12-05 13:00,15.981852978922031
2025-12-05 14:00,20.674635477881946
2025-12-05 15:00,22.310006275594084
2025-12-05 16:00,20.055273061298745
2025-12-05 17:00,18.11822839040718
2025-12-05 18:00,12.948530161703438
2025-12-05 19:00,7.1448256105905354
2025-12-05 20:00,6.076593429593672
2025-12-05 21:00,2.5417035950282414
2025-12-05 22:00,2.891274153492884
2025-12-05 23:00,4.6899479878477095
2025-12-06 00:00,3.890734157805342
2025-12-06 01:00,4.238575571492488
2025-12-06 02:00,4.752781607824847
2025-12-06 03:00,3.657192148104792
2025-12-06 04:00,5.0043900549330615
2025-12-06 05:00,6.678831162881073
2025-12-06 06:00,3.641453069977327
2025-12-06 07:00,5.201040639869939
2025-12-06 08:00,5.382175699123087
2025-12-06 09:00,4.2711230955437465
2025-12-06 10:00,9.128026288142294
2025-12-06 11:00,7.262617106268996
2025-12-06 12:00,18.34779865477214
2025-12-06 13:00,39.60692861641632
2025-12-06 14:00,36.261681657170115
2025-12-06 15:00,36.56537338819678
2025-12-06 16:00,33.17729396440986
2025-12-06 17:00,27.299975742874885
2025-12-06 18:00,30.7300365411933
2025-12-06 19:00,36.16747738738811
2025-12-06 20:00,35.691632007958944
2025-12-06 21:00,34.74880356563642
2025-12-06 22:00,33.661251258194994
2025-12-06 23:00,30.86468134623889
2025-12-07 00:00,39.609448124099224
2025-12-07 01:00,38.337135016446254
2025-12-07 02:00,34.02514083119882
2025-12-07 03:00,26.969984758125385
2025-12-07 04:00,25.54649991865643
2025-12-07 05:00,30.137533904362165
2025-12-07 06:00,27.981729692295083
2025-12-07 07:00,24.702588806306355
2025-12-07 08:00,28.436173853767624
2025-12-07 09:00,21.18341669778577
2025-12-07 10:00,18.76185032656771
2025-12-07 11:00,24.421506047264312
2025-12-07 12:00,26.0283355131507
2025-12-07 13:00,30.996953982910274
2025-12-07 14:00,33.41615317592734
2025-12-07 15:00,34.411307507081055
2025-12-07 16:00,35.62171622804227
2025-12-07 17:00,31.561669451880263
2025-12-07 18:00,24.498763538889094
2025-12-07 19:00,31.24061590962897
2025-12-07 20:00,46.29667154059054
2025-12-07 21:00,45.01027060595553
2025-12-07 22:00,38.500941781938536
2025-12-07 23:00,54.11144096129218
2025-12-08 00:00,48.760100573022235
2025-12-08 01:00,50.843330000176714
2025-12-08 02:00,49.14530973207248
2025-12-08 03:00,46.23027853691102
2025-12-08 04:00,48.63077835597719
2025-12-08 05:00,47.757065752040354
2025-12-08 06:00,34.719277456827335
2025-12-08 07:00,42.54119906482229
2025-12-08 08:00,29.831447770231
2025-12-08 09:00,25.536949260262183
2025-12-08 10:00,37.97289519751856
2025-12-08 11:00,41.51454556971325
2025-12-08 12:00,38.44913308886526
2025-12-08 13:00,35.07660171640949
2025-12-08 14:00,35.837941140058
2025-12-08 15:00,37.123222312344446
2025-12-08 16:00,33.83850128961
2025-12-08 17:00,31.264585628684564
2025-12-08 18:00,21.594875731445953
2025-12-08 19:00,21.718231775692455
2025-12-08 20:00,21.728212610846114
2025-12-08 21:00,11.433308580696462
2025-12-08 22:00,6.903721650495598
2025-12-08 23:00,4.107473631314599
2025-12-09 00:00,7.118948424457027
2025-12-09 01:00,6.485159010322702
2025-12-09 02:00,5.761786655824524
2025-12-09 03:00,9.665969051049732
2025-12-09 04:00,6.578402752234576
2025-12-09 05:00,5.663182668658475
2025-12-09 06:00,7.043241028842823
2025-12-09 07:00,5.77348890017084
2025-12-09 08:00,5.904311482332547
2025-12-09 09:00,3.029884799019626
2025-12-09 10:00,0.4126122173416289
2025-12-09 11:00,0.3958795044019513
2025-12-09 12:00,0.9591562071380195
2025-12-09 13:00,3.446409000252859
2025-12-09 14:00,4.585868802777641
2025-12-09 15:00,5.885754665561034
2025-12-09 16:00,5.179179675373783
2025-12-09 17:00,2.575524399680663
2025-12-09 18:00,2.0363099743998805
2025-12-09 19:00,1.9788925216428424
2025-12-09 20:00,1.8741156185141388
2025-12-09 21:00,2.5982322065766152
2025-12-09 22:00,3.9458852126756105
2025-12-09 23:00,4.303284624985615
2025-12-10 00:00,5.984485946248546
2025-12-10 01:00,6.178252370644445
2025-12-10 02:00,4.912881905760608
2025-12-10 03:00,4.399951397719672
2025-12-10 04:00,3.0032232586519925
2025-12-10 05:00,4.375286672545009
2025-12-10 06:00,4.134636472876872
2025-12-10 07:00,4.023351144956271
2025-12-10 08:00,4.261655353427653
2025-12-10 09:00,2.87244581883741
2025-12-10 10:00,1.0758923133779241
2025-12-10 11:00,1.0586029292035182
2025-12-10 12:00,2.456475091140063
2025-12-10 13:00,2.7478593471770236
2025-12-10 14:00,3.2924256846774074
2025-12-10 15:00,4.080200220352127
2025-12-10 16:00,3.8803865482890916
2025-12-10 17:00,6.320980340350571
2025-12-10 18:00,6.606788212760941
2025-12-10 19:00,5.0024466395785225
2025-12-10 20:00,4.566934664521076
2025-12-10 21:00,6.630931873618385
2025-12-10 22:00,6.261246916150743
2025-12-10 23:00,6.0347713912078245
2025-12-11 00:00,14.989787308062791
2025-12-11 01:00,16.824245625800593
2025-12-11 02:00,15.471471575742644
2025-12-11 03:00,37.0988675433663
2025-12-11 04:00,30.90597608822585
2025-12-11 05:00,34.283543762697654
2025-12-11 06:00,27.65843133423978
2025-12-11 07:00,28.389491416800517
2025-12-11 08:00,21.13118561680974
2025-12-11 09:00,16.976550835146828
2025-12-11 10:00,28.343892697410425
2025-12-11 11:00,45.555573961293554
2025-12-11 12:00,52.312406234438974
2025-12-11 13:00,57.38565965959527
2025-12-11 14:00,57.58425569588552
2025-12-11 15:00,56.73021206231413
2025-12-11 16:00,53.6528906751927
2025-12-11 17:00,53.893226808055495
2025-12-11 18:00,52.72969723970225
2025-12-11 19:00,53.70027779460536
2025-12-11 20:00,54.37634000864187
2025-12-11 21:00,53.93186135814757
2025-12-11 22:00,54.07222234216226
2025-12-11 23:00,52.54585098110494
2025-12-12 00:00,40.792598290330794
2025-12-12 01:00,36.928056505249764
2025-12-12 02:00,38.81189394476271
2025-12-12 03:00,33.94761484714933
2025-12-12 04:00,22.22641552835706
2025-12-12 05:00,14.390299113743446
2025-12-12 06:00,18.55200706427545
2025-12-12 07:00,12.101512335067717
2025-12-12 08:00,10.366915066005713
2025-12-12 09:00,6.450722510721716
2025-12-12 10:00,5.655356189826879
2025-12-12 11:00,3.4216192465966824
2025-12-12 12:00,1.9485141164047182
2025-12-12 13:00,0.8496019449707668
2025-12-12 14:00,0.6502626302449994
2025-12-12 15:00,0.9105313117570097
2025-12-12 16:00,1.6859403415288559
2025-12-12 17:00,3.132367566772458
2025-12-12 18:00,2.700424190273258
2025-12-12 19:00,3.320279324141381
2025-12-12 20:00,3.194765734905614
2025-12-12 21:00,5.6564592944089025
2025-12-12 22:00,6.555740317389867
2025-12-12 23:00,7.600017151031013
2025-12-13 00:00,5.233202474869973
2025-12-13 01:00,5.116921987792196
2025-12-13 02:00,7.234145361646178
2025-12-13 03:00,5.751240420896297
2025-12-13 04:00,9.302818490326194
2025-12-13 05:00,4.853346511129946
2025-12-13 06:00,5.5500813947534215
2025-12-13 07:00,7.6357080536203945
2025-12-13 08:00,8.605231632964111
2025-12-13 09:00,7.292830152780752
2025-12-13 10:00,7.5805977410694165
2025-12-13 11:00,5.553040762373852
2025-12-13 12:00,8.011589674098914
2025-12-13 13:00,7.340553703488833
2025-12-13 14:00,10.387928218286522
2025-12-13 15:00,13.458692383185998
2025-12-13 16:00,11.885852226350334
2025-12-13 17:00,21.580045759316874
2025-12-13 18:00,30.966935528294457
2025-12-13 19:00,35.446456262026324
2025-12-13 20:00,29.99079708677601
2025-12-13 21:00,31.66673641292686
2025-12-13 22:00,19.93602896836012
2025-12-13 23:00,17.190349343346774
2025-12-14 00:00,16.366758354725434
2025-12-14 01:00,15.339278386244475
2025-12-14 02:00,22.541780500479383
2025-12-14 03:00,36.95671931968183
2025-12-14 04:00,43.97038359081985
2025-12-14 05:00,36.21130801877499
2025-12-14 06:00,21.5829412388453
2025-12-14 07:00,18.070404698708074
2025-12-14 08:00,16.4891497655544
2025-12-14 09:00,52.10586368367742
2025-12-14 10:00,50.0769393767503
2025-12-14 11:00,51.4973355015598
2025-12-14 12:00,51.908884654549574
2025-12-14 13:00,55.69454486670922
2025-12-14 14:00,53.887185169742516
2025-12-14 15:00,52.46787590136031
2025-12-14 16:00,53.252168883688334
2025-12-14 17:00,35.16110626155095
2025-12-14 18:00,40.38222944208935
2025-12-14 19:00,44.17085311782595
2025-12-14 20:00,46.36782379781982
2025-12-14 21:00,25.1436500383833
2025-12-14 22:00,20.029456931249587
2025-12-14 23:00,30.258693660741308
2025-12-15 00:00,8.163307299929826
2025-12-15 01:00,6.849850839855726
2025-12-15 02:00,10.76815477780169
2025-12-15 03:00,9.74010235192464
2025-12-15 04:00,9.118170452709109
2025-12-15 05:00,7.423712258356693
2025-12-15 06:00,12.787472212889785
2025-12-15 07:00,7.897947016679833
2025-12-15 08:00,5.894245768639328
2025-12-15 09:00,4.491472500431602
2025-12-15 10:00,3.4390320932046214
2025-12-15 11:00,2.9230085057693125
2025-12-15 12:00,3.476113457299046
2025-12-15 13:00,6.692481904012659
2025-12-15 14:00,6.770661646146875
2025-12-15 15:00,7.86079454803518
2025-12-15 16:00,8.240305666854058
2025-12-15 17:00,5.032327493657123
2025-12-15 18:00,5.891049345074672
2025-12-15 19:00,5.458653489269494
2025-12-15 20:00,10.72467367884651
2025-12-15 21:00,13.931771529972632
2025-12-15 22:00,26.035664249254403
2025-12-15 23:00,41.645226853724495
2025-12-16 00:00,15.359547452702511
2025-12-16 01:00,20.50631168823042
2025-12-16 02:00,19.872332523652247
2025-12-16 03:00,19.673291461458327
2025-12-16 04:00,20.454678432406823
2025-12-16 05:00,25.71020379740858
2025-12-16 06:00,17.97316359857233
2025-12-16 07:00,19.08294973053144
2025-12-16 08:00,15.750360996367753
2025-12-16 09:00,14.124783316385134
2025-12-16 10:00,16.772765945618747
2025-12-16 11:00,10.864105994119246
2025-12-16 12:00,18.38627581594683
2025-12-16 13:00,22.494652478753345
2025-12-16 14:00,14.082035409706267
2025-12-16 15:00,11.14026326895498
2025-12-16 16:00,10.812638231450224
2025-12-16 17:00,9.36480590428651
2025-12-16 18:00,10.396941707304181
2025-12-16 19:00,11.723095134780777
2025-12-16 20:00,13.90354002317536
2025-12-16 21:00,17.544797877948373
2025-12-16 22:00,15.080207908347058
2025-12-16 23:00,16.528803616965384
2025-12-17 00:00,9.070972266322649
2025-12-17 01:00,8.557262762664976
2025-12-17 02:00,8.137934950884732
2025-12-17 03:00,7.377859085336063
2025-12-17 04:00,9.403958253215679
2025-12-17 05:00,12.39376814486765
2025-12-17 06:00,12.885491641738547
2025-12-17 07:00,17.344069365702346
2025-12-17 08:00,12.283214291934232
2025-12-17 09:00,15.579037835377015
2025-12-17 10:00,22.17910531233793
2025-12-17 11:00,33.174826052036025
2025-12-17 12:00,44.33338733466989
2025-12-17 13:00,42.97115965289044
2025-12-17 14:00,41.473919894172475
2025-12-17 15:00,43.126203969632854
2025-12-17 16:00,39.72983582944456
2025-12-17 17:00,34.91111790814423
2025-12-17 18:00,21.778794066716948
2025-12-17 19:00,21.20421259951133
2025-12-17 20:00,14.99178938449618
2025-12-17 21:00,9.488365707549185
2025-12-17 22:00,9.583650611483904
2025-12-17 23:00,10.270493265517215
2025-12-18 00:00,6.203540731572902
2025-12-18 01:00,5.112256979937481
2025-12-18 02:00,6.556896808308185
2025-12-18 03:00,7.644353186801926
2025-12-18 04:00,7.194094260981792
2025-12-18 05:00,8.389386800552323
2025-12-18 06:00,8.658419783889268
2025-12-18 07:00,6.753638056031395
2025-12-18 08:00,5.543580032844012
2025-12-18 09:00,2.978137757386864
2025-12-18 10:00,2.3189021685499793
2025-12-18 11:00,2.2910122176567835
2025-12-18 12:00,4.3793955312112605
2025-12-18 13:00,5.270318043969894
2025-12-18 14:00,4.320202939895463
2025-12-18 15:00,4.388442300429318
2025-12-18 16:00,5.128787032232692
2025-12-18 17:00,5.053799279867338
2025-12-18 18:00,4.849167157197277
2025-12-18 19:00,5.7051989868644615
2025-12-18 20:00,6.10794592802514
2025-12-18 21:00,6.033630874421915
2025-12-18 22:00,7.935667537288818
2025-12-18 23:00,8.94877023626115
2025-12-19 00:00,10.500255021258852
2025-12-19 01:00,8.98212345340976
2025-12-19 02:00,4.742948849074551
2025-12-19 03:00,6.832897543849285
2025-12-19 04:00,4.678473043586468
2025-12-19 05:00,5.547843408303594
2025-12-19 06:00,9.6801158255604
2025-12-19 07:00,7.218607005721806
2025-12-19 08:00,7.793103406419844
2025-12-19 09:00,6.435344673923902
2025-12-19 10:00,5.707869415185643
2025-12-19 11:00,5.582752598176386
2025-12-19 12:00,5.550531043030869
2025-12-19 13:00,12.679247581127614
2025-12-19 14:00,9.285272727456718
2025-12-19 15:00,11.627219406412658
2025-12-19 16:00,6.5362792833155225
2025-12-19 17:00,6.2922166188493005
2025-12-19 18:00,9.700537056164055
2025-12-19 19:00,13.153178529412195
2025-12-19 20:00,13.574671798966847
2025-12-19 21:00,14.708095289680461
2025-12-19 22:00,17.264473553196765
2025-12-19 23:00,16.8570549941865
2025-12-20 00:00,21.561747832000584
2025-12-20 01:00,17.915696378783597
2025-12-20 02:00,18.127259749365372
2025-12-20 03:00,23.238891088148
2025-12-20 04:00,28.674224321993638
2025-12-20 05:00,39.893308218287196
2025-12-20 06:00,34.21854517712206
2025-12-20 07:00,37.918909124818406
2025-12-20 08:00,37.751520861482824
2025-12-20 09:00,26.360430674393417
2025-12-20 10:00,24.74872494784104
2025-12-20 11:00,22.123700653092147
2025-12-20 12:00,13.96953693443304
2025-12-20 13:00,12.775624464762664
2025-12-20 14:00,17.741000656672178
2025-12-20 15:00,16.822256906277044
2025-12-20 16:00,27.00231122978648
2025-12-20 17:00,17.79466101658078
2025-12-20 18:00,39.48275468489584
2025-12-20 19:00,54.22567547598731
2025-12-20 20:00,50.82702258114319
2025-12-20 21:00,35.57491392929315
2025-12-20 22:00,38.11458531912603
2025-12-20 23:00,51.48605326284517
2025-12-21 00:00,47.675313075074605
2025-12-21 01:00,43.82216057331798
2025-12-21 02:00,47.677104701223705
2025-12-21 03:00,52.806469923812436
2025-12-21 04:00,59.12485928831452
2025-12-21 05:00,57.06518814264643
2025-12-21 06:00,53.62209867011503
2025-12-21 07:00,48.887952261918294
2025-12-21 08:00,46.007595854344935
2025-12-21 09:00,41.047061717340924
2025-12-21 10:00,38.44818134296383
2025-12-21 11:00,38.732279537806505
2025-12-21 12:00,46.06516392424974
2025-12-21 13:00,46.977836938519616
2025-12-21 14:00,43.95937342416989
2025-12-21 15:00,43.71728007907348
2025-12-21 16:00,43.281484213471835
2025-12-21 17:00,38.15334066669492
2025-12-21 18:00,35.19346289327366
2025-12-21 19:00,34.964251232364205
2025-12-21 20:00,34.47932359948775
2025-12-21 21:00,27.970525339826086
2025-12-21 22:00,28.049548654734142
2025-12-21 23:00,27.67610004246933
2025-12-22 00:00,30.145261622103646
2025-12-22 01:00,23.324548094596903
2025-12-22 02:00,22.505160438654514
2025-12-22 03:00,26.222541117974334
2025-12-22 04:00,27.875204605318004
2025-12-22 05:00,28.089249919562977
2025-12-22 06:00,23.89779224582868
2025-12-22 07:00,20.424664856384798
2025-12-22 08:00,16.659366809802528
2025-12-22 09:00,11.814516179408617
2025-12-22 10:00,4.538465364518856
2025-12-22 11:00,2.619496079896173
2025-12-22 12:00,1.9600134807382745
2025-12-22 13:00,1.4056277738423488
2025-12-22 14:00,2.2842399914075853
2025-12-22 15:00,2.0439971814661013
2025-12-22 16:00,2.3679646055763226
2025-12-22 17:00,0.19273200615511232
2025-12-22 18:00,2.041586704250097
2025-12-22 19:00,2.9134771710962424
2025-12-22 20:00,3.264816993719836
2025-12-22 21:00,1.725634006544245
2025-12-22 22:00,0.6967503084605993
2025-12-22 23:00,0.0
2025-12-23 00:00,2.350114903909909
2025-12-23 01:00,2.7710216898178883
2025-12-23 02:00,5.290925008099704
2025-12-23 03:00,1.8102834109676769
2025-12-23 04:00,5.3399040375806734
2025-12-23 05:00,6.911845731408828
2025-12-23 06:00,7.60613552056174
2025-12-23 07:00,6.430246993942367
2025-12-23 08:00,6.3424071591249
2025-12-23 09:00,5.638662907302569
2025-12-23 10:00,3.131992071126343
2025-12-23 11:00,7.482526078727709
2025-12-23 12:00,16.57430288633855
2025-12-23 13:00,14.331038631673742
2025-12-23 14:00,12.049044050189664
2025-12-23 15:00,12.29509014149855
2025-12-23 16:00,8.855063532715054
2025-12-23 17:00,23.253245852592805
2025-12-23 18:00,8.360315336619497
2025-12-23 19:00,8.103144241880724
2025-12-23 20:00,9.485183316708305
2025-12-23 21:00,8.574973045361492
2025-12-23 22:00,10.96744334172499
2025-12-23 23:00,12.171844781221207
2025-12-24 00:00,17.36255382682841
2025-12-24 01:00,16.780407291374782
2025-12-24 02:00,17.989730631051945
2025-12-24 03:00,21.12967514411782
2025-12-24 04:00,29.043368299361646
2025-12-24 05:00,35.473127809796516
2025-12-24 06:00,35.513075655673234
2025-12-24 07:00,34.38752686232346
2025-12-24 08:00,36.65584170012347
2025-12-24 09:00,32.44064738169054
2025-12-24 10:00,30.37348619321373
2025-12-24 11:00,33.14389746282141
2025-12-24 12:00,30.619613952570845
2025-12-24 13:00,31.637041097958676
2025-12-24 14:00,31.11433048650213
2025-12-24 15:00,40.71822499758539
2025-12-24 16:00,44.279332151079096
2025-12-24 17:00,42.7977275992318
2025-12-24 18:00,42.267584692974474
2025-12-24 19:00,46.95726634048035
2025-12-24 20:00,37.26418401445202
2025-12-24 21:00,33.62113429391466
2025-12-24 22:00,27.667755773707945
2025-12-24 23:00,27.359862820359865
2025-12-25 00:00,31.83860676552174
2025-12-25 01:00,27.788778691060493
2025-12-25 02:00,30.06036030388752
2025-12-25 03:00,32.64744396203671
2025-12-25 04:00,36.10473052176675
2025-12-25 05:00,42.70993108980729
2025-12-25 06:00,38.80723521049482
2025-12-25 07:00,40.37814636104401
2025-12-25 08:00,47.73960863978184
2025-12-25 09:00,41.77557097788635
2025-12-25 10:00,47.37588630720228
2025-12-25 11:00,53.55344719597682
2025-12-25 12:00,58.9885504487667
2025-12-25 13:00,56.836989545409445
2025-12-25 14:00,56.882907521846214
2025-12-25 15:00,56.64504790932144
2025-12-25 16:00,56.68032035191299
2025-12-25 17:00,58.059303014692375
2025-12-25 18:00,59.80238347151812
2025-12-25 19:00,59.426392938605915
2025-12-25 20:00,60.99295228282799
2025-12-25 21:00,59.3664935046853
2025-12-25 22:00,60.246275536380175
2025-12-25 23:00,60.01851186183292
2025-12-26 00:00,59.15514117950585
2025-12-26 01:00,58.56079018124438
2025-12-26 02:00,58.400865123462786
2025-12-26 03:00,59.49803279739033
2025-12-26 04:00,58.10120501184277
2025-12-26 05:00,57.82768586230522
2025-12-26 06:00,56.5203766306605
2025-12-26 07:00,54.592911337697736
2025-12-26 08:00,54.436138935413396
2025-12-26 09:00,51.28511948882831
2025-12-26 10:00,50.8992724546199
2025-12-26 11:00,49.233274958312784
2025-12-26 12:00,50.59032817755723
2025-12-26 13:00,49.11894612092994
2025-12-26 14:00,48.00377918990133
2025-12-26 15:00,46.75495840749414
2025-12-26 16:00,43.47791932240488
2025-12-26 17:00,45.32841217943028
2025-12-26 18:00,40.387281139298686
2025-12-26 19:00,33.612634053062536
2025-12-26 20:00,31.759422862090865
2025-12-26 21:00,21.321895741672524
2025-12-26 22:00,9.723305221617416
2025-12-26 23:00,2.346118295537769
2025-12-27 00:00,10.520894784365204
2025-12-27 01:00,10.265941696822084
2025-12-27 02:00,5.715948183979645
2025-12-27 03:00,4.708003499406692
2025-12-27 04:00,4.071554128466248
2025-12-27 05:00,4.075817404043299
2025-12-27 06:00,2.6995254938459854
2025-12-27 07:00,3.1366570047109907
2025-12-27 08:00,2.5479106536718565
2025-12-27 09:00,1.9222651760109821
2025-12-27 10:00,1.473195394376827
2025-12-27 11:00,0.0
2025-12-27 12:00,0.07737943922852464
2025-12-27 13:00,1.1548244957794866
2025-12-27 14:00,1.4695192323954518
2025-12-27 15:00,1.6478981410614355
2025-12-27 16:00,1.138256445785382
2025-12-27 17:00,3.6809847517576544
2025-12-27 18:00,8.480096481076728
2025-12-27 19:00,6.392211776005304
2025-12-27 20:00,3.7137110284181767
2025-12-27 21:00,9.410057690534188
2025-12-27 22:00,8.86456871212128
2025-12-27 23:00,8.86647261022895
2025-12-28 00:00,9.382160547688576
2025-12-28 01:00,13.499853904534705
2025-12-28 02:00,12.241348843915596
2025-12-28 03:00,12.690770416737159
2025-12-28 04:00,10.478343895077193
2025-12-28 05:00,9.945106497455457
2025-12-28 06:00,5.636617041244785
2025-12-28 07:00,6.032158920312991
2025-12-28 08:00,4.997780106389312
2025-12-28 09:00,7.485375324518142
2025-12-28 10:00,6.1012953602341895
2025-12-28 11:00,5.506565205014123
2025-12-28 12:00,7.274879479808101
2025-12-28 13:00,8.510602611608729
2025-12-28 14:00,7.208809820201601
2025-12-28 15:00,9.740244112049977
2025-12-28 16:00,10.76174414828492
2025-12-28 17:00,14.263950899624248
2025-12-28 18:00,18.319292483777538
2025-12-28 19:00,27.051583058857172
2025-12-28 20:00,35.057268902920505
2025-12-28 21:00,38.45633268305749
2025-12-28 22:00,41.34812128450955
2025-12-28 23:00,38.17260682457349
2025-12-29 00:00,20.117015488483283
2025-12-29 01:00,19.233431657089177
2025-12-29 02:00,32.826558711240644
2025-12-29 03:00,29.805563829267232
2025-12-29 04:00,36.10866839606718
2025-12-29 05:00,38.777650152970004
2025-12-29 06:00,38.191060977690746
2025-12-29 07:00,33.741329070773595
2025-12-29 08:00,29.773974633217247
2025-12-29 09:00,23.390275297483242
2025-12-29 10:00,21.367222667320917
2025-12-29 11:00,29.279248158004894
2025-12-29 12:00,36.040419452094035
2025-12-29 13:00,30.14955724612497
2025-12-29 14:00,22.612826091214057
2025-12-29 15:00,20.492494204144386
2025-12-29 16:00,30.137983065622905
2025-12-29 17:00,24.40023253768075
2025-12-29 18:00,20.15915179487287
2025-12-29 19:00,27.337013122271276
2025-12-29 20:00,32.962003752587655
2025-12-29 21:00,27.940961766863737
2025-12-29 22:00,21.145969648484435
2025-12-29 23:00,20.319974036439696
2025-12-30 00:00,19.652550140018963
2025-12-30 01:00,19.547038106753156
2025-12-30 02:00,18.529894087808888
2025-12-30 03:00,25.435999552734422
2025-12-30 04:00,32.40314011396353
2025-12-30 05:00,38.182045896265954
2025-12-30 06:00,38.371991263449424
2025-12-30 07:00,33.8613720647947
2025-12-30 08:00,27.669985777130353
2025-12-30 09:00,22.544766284402197
2025-12-30 10:00,17.853853201375937
2025-12-30 11:00,20.14317777632635
2025-12-30 12:00,22.633371227807203
2025-12-30 13:00,27.861904404466912
2025-12-30 14:00,28.278792856393217
2025-12-30 15:00,31.54682851591609
2025-12-30 16:00,32.83165222509114
2025-12-30 17:00,26.752138892338824
2025-12-30 18:00,23.830679634732178
2025-12-30 19:00,25.824379639384112
2025-12-30 20:00,24.059682446453696
2025-12-30 21:00,10.837115156172516
2025-12-30 22:00,2.7743854049048253
2025-12-30 23:00,0.8882412589788782
2025-12-31 00:00,9.027233411273809
2025-12-31 01:00,6.679675416314803
2025-12-31 02:00,25.78520897517064
2025-12-31 03:00,35.61770239230215
2025-12-31 04:00,36.00207358175297
2025-12-31 05:00,36.12955411008544
2025-12-31 06:00,39.82461145967245
2025-12-31 07:00,42.022983484732954
2025-12-31 08:00,46.461056545345265
2025-12-31 09:00,50.35998302077825
2025-12-31 10:00,46.46483536360479
2025-12-31 11:00,41.98294467286454
2025-12-31 12:00,44.42655092111296
2025-12-31 13:00,41.17016521109648
2025-12-31 14:00,41.65625667601986
2025-12-31 15:00,44.871052351271146
2025-12-31 16:00,41.22106431222343
2025-12-31 17:00,43.786939261979214
2025-12-31 18:00,40.78759936025197
2025-12-31 19:00,41.7723580031841
2025-12-31 20:00,43.47039167506038
2025-12-31 21:00,41.90582240092184
2025-12-31 22:00,39.675867894990716
2025-12-31 23:00,41.84451392223162
